score,adsh,form,file_date,file_type,file_description,root_forms,ciks,display_names,_id
15.181922,0000950157-19-001082,8-K,2019-09-26,EX-99.1,"FIRST AMENDED JOINT CHAPTER 11 PLAN OF REORGANIZATION DATED AS OF SEPTEMBER 23, 2019",8-K,"0001004980,0000075488","PG&E Corp  (PCG, PCG-PA, PCG-PB, PCG-PC, PCG-PD, PCG-PE, PCG-PG, PCG-PH, PCG-PI)  (CIK 0001004980) | PACIFIC GAS & ELECTRIC Co  (CIK 0000075488)",0000950157-19-001082:ex99-1.htm
15.120363,0000827052-24-000078,8-K,2024-10-30,EX-99.1,"EX-99.1 EIX BUSINESS UPDATE PRESENTATION DATED OCTOBER 29, 2024",8-K,"0000827052,0000092103",EDISON INTERNATIONAL  (EIX)  (CIK 0000827052) | SOUTHERN CALIFORNIA EDISON Co  (CIK 0000092103),0000827052-24-000078:eix-20241029xex99d1.htm
15.117938,0000827052-23-000040,8-K,2023-05-03,EX-99.1,"EX-99.1 EIX BUSINESS UPDATE PRESENTATION DATED MAY 3, 2023",8-K,"0000827052,0000092103","EDISON INTERNATIONAL  (EIX)  (CIK 0000827052) | SOUTHERN CALIFORNIA EDISON Co  (SCE-PG, SCE-PH, SCE-PJ, SCE-PK, SCE-PL, SCE-PM, SCE-PN)  (CIK 0000092103)",0000827052-23-000040:eix-20230503xex99d1.htm
15.106203,0000827052-24-000038,8-K,2024-05-01,EX-99.1,"EX-99.1 EIX BUSINESS UPDATE PRESENTATION DATED APRIL 30, 2024",8-K,"0000827052,0000092103","EDISON INTERNATIONAL  (EIX)  (CIK 0000827052) | SOUTHERN CALIFORNIA EDISON Co  (SCE-PG, SCE-PH, SCE-PJ, SCE-PK, SCE-PL, SCE-PM, SCE-PN)  (CIK 0000092103)",0000827052-24-000038:eix-20240430xex99d1.htm
15.078738,0000827052-25-000102,8-K,2025-10-29,EX-99.1,"EX-99.1 BUSINESS UPDATE PRESENTATION DATE OCTOBER 28, 2025",8-K,"0000827052,0000092103",EDISON INTERNATIONAL  (EIX)  (CIK 0000827052) | SOUTHERN CALIFORNIA EDISON Co  (CIK 0000092103),0000827052-25-000102:a10eixoctober2025busines.htm
15.078503,0000827052-21-000063,10-Q,2021-11-02,10-Q,EIX/SCE Q3 10-Q,10-Q,"0000827052,0000092103","EDISON INTERNATIONAL  (EIX)  (CIK 0000827052) | SOUTHERN CALIFORNIA EDISON Co  (SCE-PG, SCE-PH, SCE-PJ, SCE-PK, SCE-PL, SCE-PM, SCE-PN)  (CIK 0000092103)",0000827052-21-000063:eix-20210930x10q.htm
15.0734415,0001558370-21-009710,8-K,2021-07-30,EX-99.1,"EX-99.1 EIX BUSINESS UPDATE PRESENTATION DATED JULY 30, 2021",8-K,"0000827052,0000092103","EDISON INTERNATIONAL  (EIX)  (CIK 0000827052) | SOUTHERN CALIFORNIA EDISON Co  (SCE-PG, SCE-PH, SCE-PJ, SCE-PK, SCE-PL, SCE-PM, SCE-PN)  (CIK 0000092103)",0001558370-21-009710:eix-20210730xex99d1.htm
15.072248,0000827052-26-000015,8-K,2026-02-19,EX-99.1,"EX-99.1 EIX BUSINESS UPDATE PRESENTATION DATED FEBRUARY 18, 2026",8-K,"0000827052,0000092103",EDISON INTERNATIONAL  (EIX)  (CIK 0000827052) | SOUTHERN CALIFORNIA EDISON Co  (CIK 0000092103),0000827052-26-000015:a02eixfebruary2026busine.htm
15.069776,0000904454-19-000626,SC 13D/A,2019-09-11,SC 13D/A,"SCHEDULE 13D/A FOR PG&E CORPORATION BY ABRAMS CAPITAL MANAGEMENT, L.P.",SC 13D,"0001004980,0001358706","PG&E Corp  (PCG, PCG-PA, PCG-PB, PCG-PC, PCG-PD, PCG-PE, PCG-PG, PCG-PH, PCG-PI)  (CIK 0001004980) | ABRAMS CAPITAL MANAGEMENT, L.P.  (CIK 0001358706)",0000904454-19-000626:s13da_09102019-pgecorp.htm
15.061366,0000827052-24-000054,8-K,2024-07-25,EX-99.3,"EX-99.3 EIX Q2 2024 FINANCIAL RESULTS PRESENTATION DATED JULY 25, 2024",8-K,"0000827052,0000092103","EDISON INTERNATIONAL  (EIX)  (CIK 0000827052) | SOUTHERN CALIFORNIA EDISON Co  (SCE-PG, SCE-PH, SCE-PJ, SCE-PK, SCE-PL, SCE-PM, SCE-PN)  (CIK 0000092103)",0000827052-24-000054:eix-20240725xex99d3.htm
15.060366,0000827052-25-000046,8-K,2025-04-30,EX-99.1,"EX-99.1 BUSINESS UPDATE PRESENTATION DATE APRIL 29, 2025",8-K,"0000827052,0000092103",EDISON INTERNATIONAL  (EIX)  (CIK 0000827052) | SOUTHERN CALIFORNIA EDISON Co  (CIK 0000092103),0000827052-25-000046:a04eixapril2025businessu.htm
15.059363,0000950157-19-000984,8-K,2019-09-10,EX-99.1,"JOINT CHAPTER 11 PLAN OF REORGANIZATION FOR PG&E CORPORATION AND PACIFIC GAS AND ELECTRIC COMPANY, DATED AS OF SEPTEMBER 9, 2019",8-K,"0001004980,0000075488","PG&E Corp  (PCG, PCG-PA, PCG-PB, PCG-PC, PCG-PD, PCG-PE, PCG-PG, PCG-PH, PCG-PI)  (CIK 0001004980) | PACIFIC GAS & ELECTRIC Co  (CIK 0000075488)",0000950157-19-000984:ex99-1.htm
15.057015,0000086521-12-000027,CORRESP,2012-04-30,CORRESP,,CORRESP,"0000086521,0001032208","SAN DIEGO GAS & ELECTRIC CO  (CIK 0000086521) | SEMPRA ENERGY  (SRE, SREA)  (CIK 0001032208)",0000086521-12-000027:filename1.htm
15.052527,0001032208-25-000051,8-K,2025-09-19,8-K,8-K,8-K,"0001032208,0000086521","SEMPRA  (SRE, SREA)  (CIK 0001032208) | SAN DIEGO GAS & ELECTRIC CO  (CIK 0000086521)",0001032208-25-000051:sresdge-20250919.htm
15.039359,0001558370-22-002151,8-K,2022-02-25,EX-99.1,"EX-99.1 EIX BUSINESS UPDATE PRESENTATION DATED FEBRUARY 25, 2022",8-K,"0000827052,0000092103","EDISON INTERNATIONAL  (EIX)  (CIK 0000827052) | SOUTHERN CALIFORNIA EDISON Co  (SCE-PG, SCE-PH, SCE-PJ, SCE-PK, SCE-PL, SCE-PM, SCE-PN)  (CIK 0000092103)",0001558370-22-002151:eix-20220225xex99d1.htm
15.028743,0000827052-23-000089,8-K,2023-11-02,EX-99.1,"EX-99.1 EIX BUSINESS UPDATE PRESENTATION DATED NOVEMBER 2, 2023",8-K,"0000827052,0000092103","EDISON INTERNATIONAL  (EIX)  (CIK 0000827052) | SOUTHERN CALIFORNIA EDISON Co  (SCE-PG, SCE-PH, SCE-PJ, SCE-PK, SCE-PL, SCE-PM, SCE-PN)  (CIK 0000092103)",0000827052-23-000089:eix-20231102xex99d1.htm
15.028622,0001032208-19-000008,8-K,2019-07-12,8-K,FORM 8-K,8-K,"0001032208,0000086521","SEMPRA ENERGY  (SRE, SREA)  (CIK 0001032208) | SAN DIEGO GAS & ELECTRIC CO  (CIK 0000086521)",0001032208-19-000008:sresdge20190711form8k.htm
15.023208,0001004980-26-000033,10-Q,2026-04-23,10-Q,10-Q,10-Q,"0001004980,0000075488","PG&E Corp  (PCG, PCG-PA, PCG-PB, PCG-PC, PCG-PD, PCG-PE, PCG-PG, PCG-PH, PCG-PI, PCG-PX)  (CIK 0001004980) | PACIFIC GAS & ELECTRIC Co  (CIK 0000075488)",0001004980-26-000033:pcg-20260331.htm
15.019242,0000827052-24-000012,8-K,2024-02-22,EX-99.3,"EX-99.3 EIX FOURTH QUARTER AND FULL-YEAR 2023 PRESENTATION DATED FEBRUARY 22, 2024",8-K,"0000827052,0000092103","EDISON INTERNATIONAL  (EIX)  (CIK 0000827052) | SOUTHERN CALIFORNIA EDISON Co  (SCE-PG, SCE-PH, SCE-PJ, SCE-PK, SCE-PL, SCE-PM, SCE-PN)  (CIK 0000092103)",0000827052-24-000012:eix-20240222xex99d3.htm
15.017589,0000827052-25-000024,8-K,2025-02-28,EX-99.1,"EX-99.1 EIX BUSINESS UPDATE PRESENTATION DATED FEBRUARY 27, 2025",8-K,"0000827052,0000092103",EDISON INTERNATIONAL  (EIX)  (CIK 0000827052) | SOUTHERN CALIFORNIA EDISON Co  (CIK 0000092103),0000827052-25-000024:exhibit991businessupdate.htm
15.016244,0000827052-24-000057,8-K,2024-07-26,EX-99.1,"EX-99.1 EIX BUSINESS UPDATE PRESENTATION DATED JULY 25, 2024",8-K,"0000827052,0000092103","EDISON INTERNATIONAL  (EIX)  (CIK 0000827052) | SOUTHERN CALIFORNIA EDISON Co  (SCE-PG, SCE-PH, SCE-PJ, SCE-PK, SCE-PL, SCE-PM, SCE-PN)  (CIK 0000092103)",0000827052-24-000057:eix-20240725xex99d1.htm
15.015206,0000827052-22-000079,8-K,2022-11-02,EX-99.1,"EX-99.1 EIX BUSINESS UPDATE PRESENTATION DATED NOVEMBER 2, 2022",8-K,"0000827052,0000092103","EDISON INTERNATIONAL  (EIX)  (CIK 0000827052) | SOUTHERN CALIFORNIA EDISON Co  (SCE-PG, SCE-PH, SCE-PJ, SCE-PK, SCE-PL, SCE-PM, SCE-PN)  (CIK 0000092103)",0000827052-22-000079:eix-20221102xex99d1.htm
15.012885,0000827052-23-000068,8-K,2023-07-28,EX-99.1,"EX-99.1 EIX BUSINESS UPDATE PRESENTATION DATEDEIX BUSINESS UPDATE PRESENTATION DATED JULY 28, 2023",8-K,"0000827052,0000092103","EDISON INTERNATIONAL  (EIX)  (CIK 0000827052) | SOUTHERN CALIFORNIA EDISON Co  (SCE-PG, SCE-PH, SCE-PJ, SCE-PK, SCE-PL, SCE-PM, SCE-PN)  (CIK 0000092103)",0000827052-23-000068:eix-20230728xex99d1.htm
15.011346,0000827052-26-000042,10-Q,2026-04-28,10-Q,10-Q,10-Q,"0000827052,0000092103",EDISON INTERNATIONAL  (EIX)  (CIK 0000827052) | SOUTHERN CALIFORNIA EDISON Co  (CIK 0000092103),0000827052-26-000042:eix-20260331.htm
15.004792,0000354707-24-000070,8-K,2024-11-08,EX-99,EX-99,8-K,"0000354707,0000046207",HAWAIIAN ELECTRIC INDUSTRIES INC  (HE)  (CIK 0000354707) | HAWAIIAN ELECTRIC CO INC  (CIK 0000046207),0000354707-24-000070:heiexhibit99-8xk11x08x24.htm
15.003657,0000827052-25-000081,8-K,2025-09-15,EX-99.1,EX-99.1,8-K,"0000827052,0000092103",EDISON INTERNATIONAL  (EIX)  (CIK 0000827052) | SOUTHERN CALIFORNIA EDISON Co  (CIK 0000092103),0000827052-25-000081:eix-20250915xex99d1.htm
14.999104,0000827052-19-000134,8-K,2019-07-25,EX-99.2,"EIX Q2 2019 CONFERENCE CALL PREPARED REMARKS DATED JULY 25, 2019",8-K,"0000827052,0000092103","EDISON INTERNATIONAL  (EIX)  (CIK 0000827052) | SOUTHERN CALIFORNIA EDISON CO  (SCE-PG, SCE-PH, SCE-PJ, SCE-PK, SCE-PL, SCE-PM, SCE-PN)  (CIK 0000092103)",0000827052-19-000134:a992preparedremarksofe.htm
14.989319,0000827052-22-000056,8-K,2022-07-29,EX-99.1,"EX-99.1 EIX BUSINESS UPDATE PRESENTATION DATED JULY 29, 2022",8-K,"0000827052,0000092103","EDISON INTERNATIONAL  (EIX)  (CIK 0000827052) | SOUTHERN CALIFORNIA EDISON Co  (SCE-PG, SCE-PH, SCE-PJ, SCE-PK, SCE-PL, SCE-PM, SCE-PN)  (CIK 0000092103)",0000827052-22-000056:eix-20220729xex99d1.htm
14.988449,0000827052-20-000025,8-K,2020-02-27,EX-99.1,"EXHIBIT 99.1 EDISON INTERNATIONAL PRESS RELEASE FEBRUARY 27, 2020",8-K,"0000827052,0000092103","EDISON INTERNATIONAL  (EIX)  (CIK 0000827052) | SOUTHERN CALIFORNIA EDISON Co  (SCE-PG, SCE-PH, SCE-PJ, SCE-PK, SCE-PL, SCE-PM, SCE-PN)  (CIK 0000092103)",0000827052-20-000025:eix-sceexhibit99x1q420.htm
14.984996,0001918072-23-000015,10-D,2023-12-13,10-D,10-D,10-D,0001918072,PG&E Wildfire Recovery Funding LLC  (CIK 0001918072),0001918072-23-000015:pgewildfirerecoveryfunding.htm
14.984398,0001004980-20-000008,8-K,2020-02-18,EX-99.3,EX-99.3,8-K,"0001004980,0000075488","PG&E Corp  (PCG, PCG-PA, PCG-PB, PCG-PC, PCG-PD, PCG-PE, PCG-PG, PCG-PH, PCG-PI)  (CIK 0001004980) | PACIFIC GAS & ELECTRIC Co  (CIK 0000075488)",0001004980-20-000008:businessoutlookpresentat.htm
14.9820175,0001004980-22-000008,8-K,2022-02-10,EX-99.2,EX-99.2,8-K,"0001004980,0000075488","PG&E Corp  (PCG, PCG-PA, PCG-PB, PCG-PC, PCG-PD, PCG-PE, PCG-PG, PCG-PH, PCG-PI)  (CIK 0001004980) | PACIFIC GAS & ELECTRIC Co  (CIK 0000075488)",0001004980-22-000008:q421earningspresentation.htm
14.981771,0001004980-20-000009,10-K,2020-02-18,EX-10.22,EX-10.22,10-K,"0001004980,0000075488","PG&E Corp  (PCG, PCG-PA, PCG-PB, PCG-PC, PCG-PD, PCG-PE, PCG-PG, PCG-PH, PCG-PI)  (CIK 0001004980) | PACIFIC GAS & ELECTRIC Co  (CIK 0000075488)",0001004980-20-000009:exhibit1022-123119.htm
14.980886,0000827052-20-000028,8-K,2020-02-28,EX-99.1,"EXHIBIT 99.1 BUSINESS UPDATE FEBRUARY 28, 2020",8-K,"0000827052,0000092103","EDISON INTERNATIONAL  (EIX)  (CIK 0000827052) | SOUTHERN CALIFORNIA EDISON Co  (SCE-PG, SCE-PH, SCE-PJ, SCE-PK, SCE-PL, SCE-PM, SCE-PN)  (CIK 0000092103)",0000827052-20-000028:eixfebruary2020businessu.htm
14.979409,0000827052-22-000036,8-K,2022-05-04,EX-99.1,"EX-99.1 EX-99.1 EIX BUSINESS UPDATE PRESENTATION DATED MAY 4, 2022",8-K,"0000827052,0000092103","EDISON INTERNATIONAL  (EIX)  (CIK 0000827052) | SOUTHERN CALIFORNIA EDISON Co  (SCE-PG, SCE-PH, SCE-PJ, SCE-PK, SCE-PL, SCE-PM, SCE-PN)  (CIK 0000092103)",0000827052-22-000036:eix-20220504xex99d1.htm
14.979181,0001918072-26-000005,10-K,2026-03-27,10-K,10-K,10-K,0001918072,PG&E Wildfire Recovery Funding LLC  (CIK 0001918072),0001918072-26-000005:pwrf-20251231.htm
14.978254,0000827052-21-000019,10-K,2021-02-25,10-K,10-K,10-K,"0000827052,0000092103","EDISON INTERNATIONAL  (EIX)  (CIK 0000827052) | SOUTHERN CALIFORNIA EDISON Co  (SCE-PG, SCE-PH, SCE-PJ, SCE-PK, SCE-PL, SCE-PM, SCE-PN)  (CIK 0000092103)",0000827052-21-000019:eix-20201231.htm
14.975681,0000950157-19-001423,8-K,2019-12-16,EX-99.1,DEBTORS' AND SHAREHOLDER PROPONENTS' JOINT CHAPTER 11 PLAN,8-K,"0001004980,0000075488","PG&E Corp  (PCG, PCG-PA, PCG-PB, PCG-PC, PCG-PD, PCG-PE, PCG-PG, PCG-PH, PCG-PI)  (CIK 0001004980) | PACIFIC GAS & ELECTRIC Co  (CIK 0000075488)",0000950157-19-001423:ex99-1.htm
14.975317,0000950157-22-001133,CORRESP,2022-10-21,CORRESP,,CORRESP,"0001004980,0000075488","PG&E Corp  (PCG, PCG-PA, PCG-PB, PCG-PC, PCG-PD, PCG-PE, PCG-PG, PCG-PH, PCG-PI)  (CIK 0001004980) | PACIFIC GAS & ELECTRIC Co  (CIK 0000075488)",0000950157-22-001133:filename1.htm
14.969675,0001558370-21-005066,8-K,2021-04-28,EX-99.1,"EX-99.1 BUSINESS UPDATE PRESENTATION DATED APRIL 28, 2021",8-K,"0000827052,0000092103","EDISON INTERNATIONAL  (EIX)  (CIK 0000827052) | SOUTHERN CALIFORNIA EDISON Co  (SCE-PG, SCE-PH, SCE-PJ, SCE-PK, SCE-PL, SCE-PM, SCE-PN)  (CIK 0000092103)",0001558370-21-005066:eix-20210428xex99d1.htm
14.968447,0001193125-22-220029,S-4,2022-08-12,EX-99.9,EX-99.9,S-4,0001941536,"Wildfire New PubCo, Inc.  (BAER, BAERW)  (CIK 0001941536)",0001193125-22-220029:d386876dex999.htm
14.966248,0000827052-23-000037,10-Q,2023-05-02,10-Q,10-Q,10-Q,"0000827052,0000092103","EDISON INTERNATIONAL  (EIX)  (CIK 0000827052) | SOUTHERN CALIFORNIA EDISON Co  (SCE-PG, SCE-PH, SCE-PJ, SCE-PK, SCE-PL, SCE-PM, SCE-PN)  (CIK 0000092103)",0000827052-23-000037:eix-20230331x10q.htm
14.961749,0000950157-19-001082,8-K,2019-09-26,EX-10.1,"RESTRUCTURING SUPPORT AGREEMENT DATED AS OF SEPTEMBER 22, 2019",8-K,"0001004980,0000075488","PG&E Corp  (PCG, PCG-PA, PCG-PB, PCG-PC, PCG-PD, PCG-PE, PCG-PG, PCG-PH, PCG-PI)  (CIK 0001004980) | PACIFIC GAS & ELECTRIC Co  (CIK 0000075488)",0000950157-19-001082:ex10-1.htm
14.959866,0001004980-22-000132,8-K,2022-10-27,EX-99.2,EX-99.2,8-K,"0001004980,0000075488","PG&E Corp  (PCG, PCG-PA, PCG-PB, PCG-PC, PCG-PD, PCG-PE, PCG-PG, PCG-PH, PCG-PI)  (CIK 0001004980) | PACIFIC GAS & ELECTRIC Co  (CIK 0000075488)",0001004980-22-000132:q322earningspresentation.htm
14.956949,0001004980-20-000047,8-K,2020-07-30,EX-99.2,EX-99.2,8-K,"0001004980,0000075488","PG&E Corp  (PCG, PCG-PA, PCG-PB, PCG-PC, PCG-PD, PCG-PE, PCG-PG, PCG-PH, PCG-PI)  (CIK 0001004980) | PACIFIC GAS & ELECTRIC Co  (CIK 0000075488)",0001004980-20-000047:q220earningspresentation.htm
14.956487,0000827052-20-000134,10-Q,2020-10-27,10-Q,10-Q,10-Q,"0000827052,0000092103","EDISON INTERNATIONAL  (EIX)  (CIK 0000827052) | SOUTHERN CALIFORNIA EDISON Co  (SCE-PG, SCE-PH, SCE-PJ, SCE-PK, SCE-PL, SCE-PM, SCE-PN)  (CIK 0000092103)",0000827052-20-000134:eix-20200930.htm
14.952655,0000827052-22-000030,8-K,2022-05-03,EX-99.3,"EX-99.3 EIX Q1 2022 FINANCIAL RESULTS PRESENTATION DATED MAY 3, 2022",8-K,"0000827052,0000092103","EDISON INTERNATIONAL  (EIX)  (CIK 0000827052) | SOUTHERN CALIFORNIA EDISON Co  (SCE-PG, SCE-PH, SCE-PJ, SCE-PK, SCE-PL, SCE-PM, SCE-PN)  (CIK 0000092103)",0000827052-22-000030:eix-20220503xex99d3.htm
14.949957,0000827052-25-000099,8-K,2025-10-28,EX-99.1,"EX-99.1 EDISON INTERNATIONAL PRESS RELEASE DATED OCTOBER 28, 2025",8-K,"0000827052,0000092103",EDISON INTERNATIONAL  (EIX)  (CIK 0000827052) | SOUTHERN CALIFORNIA EDISON Co  (CIK 0000092103),0000827052-25-000099:eix-2025x1028exx991.htm
14.948484,0000827052-19-000143,8-K,2019-08-30,EX-99.1,"EXHIBIT 99.1 BUSINESS UPDATE SUPPLEMENT AUGUST 30, 2019",8-K,"0000827052,0000092103","EDISON INTERNATIONAL  (EIX)  (CIK 0000827052) | SOUTHERN CALIFORNIA EDISON Co  (SCE-PG, SCE-PH, SCE-PJ, SCE-PK, SCE-PL, SCE-PM, SCE-PN)  (CIK 0000092103)",0000827052-19-000143:a2021scegeneralratecaseo.htm
14.947446,0000827052-20-000111,10-Q,2020-07-28,10-Q,10-Q,10-Q,"0000827052,0000092103","EDISON INTERNATIONAL  (EIX)  (CIK 0000827052) | SOUTHERN CALIFORNIA EDISON Co  (SCE-PG, SCE-PH, SCE-PJ, SCE-PK, SCE-PL, SCE-PM, SCE-PN)  (CIK 0000092103)",0000827052-20-000111:eix-20200630.htm
14.946983,0001918072-25-000005,10-K,2025-03-25,10-K,10-K,10-K,0001918072,PG&E Wildfire Recovery Funding LLC  (CIK 0001918072),0001918072-25-000005:pwrf-20241231.htm
14.94688,0000827052-23-000009,8-K,2023-02-23,EX-99.3,"EXHIBIT 99.3 EIX FOURTH QUARTER AND FULL-YEAR 2022 PRESENTATION DATED FEBRUARY 23, 2023",8-K,"0000827052,0000092103","EDISON INTERNATIONAL  (EIX)  (CIK 0000827052) | SOUTHERN CALIFORNIA EDISON Co  (SCE-PG, SCE-PH, SCE-PJ, SCE-PK, SCE-PL, SCE-PM, SCE-PN)  (CIK 0000092103)",0000827052-23-000009:eix-20230223xex99d3.htm
14.941295,0001004980-24-000119,8-K,2024-11-07,EX-99.2,EX-99.2,8-K,"0001004980,0000075488","PG&E Corp  (PCG, PCG-PA, PCG-PB, PCG-PC, PCG-PD, PCG-PE, PCG-PG, PCG-PH, PCG-PI)  (CIK 0001004980) | PACIFIC GAS & ELECTRIC Co  (CIK 0000075488)",0001004980-24-000119:q324earningspresentation.htm
14.941002,0000950157-19-000984,8-K,2019-09-10,8-K,CURRENT REPORT,8-K,"0001004980,0000075488","PG&E Corp  (PCG, PCG-PA, PCG-PB, PCG-PC, PCG-PD, PCG-PE, PCG-PG, PCG-PH, PCG-PI)  (CIK 0001004980) | PACIFIC GAS & ELECTRIC Co  (CIK 0000075488)",0000950157-19-000984:form8-k.htm
14.937092,0001004980-24-000013,8-K,2024-02-22,EX-99.1,EX-99.1,8-K,"0001004980,0000075488","PG&E Corp  (PCG, PCG-PA, PCG-PB, PCG-PC, PCG-PD, PCG-PE, PCG-PG, PCG-PH, PCG-PI)  (CIK 0001004980) | PACIFIC GAS & ELECTRIC Co  (CIK 0000075488)",0001004980-24-000013:pge-022224xpressrelease.htm
14.927948,0001004980-23-000134,8-K,2023-07-27,EX-99.2,EX-99.2,8-K,"0001004980,0000075488","PG&E Corp  (PCG, PCG-PA, PCG-PB, PCG-PC, PCG-PD, PCG-PE, PCG-PG, PCG-PH, PCG-PI)  (CIK 0001004980) | PACIFIC GAS & ELECTRIC Co  (CIK 0000075488)",0001004980-23-000134:q223earningspresentation.htm
14.927311,0001004980-21-000030,8-K,2021-07-29,EX-99.2,EX-99.2,8-K,"0001004980,0000075488","PG&E Corp  (PCG, PCG-PA, PCG-PB, PCG-PC, PCG-PD, PCG-PE, PCG-PG, PCG-PH, PCG-PI)  (CIK 0001004980) | PACIFIC GAS & ELECTRIC Co  (CIK 0000075488)",0001004980-21-000030:q22021earningspresentati.htm
14.925269,0001193125-19-051943,10-K,2019-02-26,EX-10.4,EX-10.4,10-K,0000895421,"MORGAN STANLEY  (MS, MS-PA, MS-PE, MS-PF, MS-PI, MS-PK, MS-PL, MS-PO, MS-PP, MS-PQ, MSTLW)  (CIK 0000895421)",0001193125-19-051943:d707577dex104.htm
14.922819,0001004980-21-000011,8-K,2021-04-29,EX-99.2,EX-99.2,8-K,"0001004980,0000075488","PG&E Corp  (PCG, PCG-PA, PCG-PB, PCG-PC, PCG-PD, PCG-PE, PCG-PG, PCG-PH, PCG-PI)  (CIK 0001004980) | PACIFIC GAS & ELECTRIC Co  (CIK 0000075488)",0001004980-21-000011:q12021-pgeearningspresen.htm
14.9213,0001918072-24-000015,10-D,2024-12-13,10-D,10-D,10-D,0001918072,PG&E Wildfire Recovery Funding LLC  (CIK 0001918072),0001918072-24-000015:pgewildfirerecoveryfunding.htm
14.920607,0001193125-19-242319,SC 13D/A,2019-09-11,EX-99.1,EX-99.1,SC 13D,"0001004980,0001512397","PG&E Corp  (PCG, PCG-PA, PCG-PB, PCG-PC, PCG-PD, PCG-PE, PCG-PG, PCG-PH, PCG-PI)  (CIK 0001004980) | Knighthead Capital Management, LLC  (CIK 0001512397)",0001193125-19-242319:d801527dex991.htm
14.920538,0000354707-26-000007,8-K,2026-02-27,EX-99,EX-99,8-K,"0000354707,0000046207",HAWAIIAN ELECTRIC INDUSTRIES INC  (HE)  (CIK 0000354707) | HAWAIIAN ELECTRIC CO INC  (CIK 0000046207),0000354707-26-000007:heiexhibit99-8xk02x27x26.htm
14.920537,0000827052-19-000166,10-Q,2019-10-29,10-Q,EIX/SCE FORM 10-Q (Q3 2019),10-Q,"0000827052,0000092103",EDISON INTERNATIONAL  (EIX)  (CIK 0000827052) | SOUTHERN CALIFORNIA EDISON Co  (CIK 0000092103),0000827052-19-000166:eix-sceq310q2019.htm
14.917745,0001918072-22-000003,10-D,2022-12-13,10-D,10-D,10-D,0001918072,PG&E Wildfire Recovery Funding LLC  (CIK 0001918072),0001918072-22-000003:pgewildfirerecoveryfunding.htm
14.915682,0001558370-21-014322,8-K,2021-11-03,EX-99.1,"EX-99.1 EIX BUSINESS UPDATE PRESENTATION DATED NOVEMBER 3, 2021",8-K,"0000827052,0000092103","EDISON INTERNATIONAL  (EIX)  (CIK 0000827052) | SOUTHERN CALIFORNIA EDISON Co  (SCE-PG, SCE-PH, SCE-PJ, SCE-PK, SCE-PL, SCE-PM, SCE-PN)  (CIK 0000092103)",0001558370-21-014322:eix-20211103xex99d1.htm
14.913535,0000827052-22-000030,8-K,2022-05-03,EX-99.1,"EX-99.1 EDISON INTERNATIONAL PRESS RELEASE DATED MAY 3, 2022",8-K,"0000827052,0000092103","EDISON INTERNATIONAL  (EIX)  (CIK 0000827052) | SOUTHERN CALIFORNIA EDISON Co  (SCE-PG, SCE-PH, SCE-PJ, SCE-PK, SCE-PL, SCE-PM, SCE-PN)  (CIK 0000092103)",0000827052-22-000030:eix-20220503xex99d1.htm
14.911421,0001004980-23-000148,8-K,2023-10-26,EX-99.2,EX-99.2,8-K,"0001004980,0000075488","PG&E Corp  (PCG, PCG-PA, PCG-PB, PCG-PC, PCG-PD, PCG-PE, PCG-PG, PCG-PH, PCG-PI)  (CIK 0001004980) | PACIFIC GAS & ELECTRIC Co  (CIK 0000075488)",0001004980-23-000148:q323earningspresentation.htm
14.908905,0000827052-24-000035,10-Q,2024-04-30,10-Q,10-Q,10-Q,"0000827052,0000092103","EDISON INTERNATIONAL  (EIX)  (CIK 0000827052) | SOUTHERN CALIFORNIA EDISON Co  (SCE-PG, SCE-PH, SCE-PJ, SCE-PK, SCE-PL, SCE-PM, SCE-PN)  (CIK 0000092103)",0000827052-24-000035:eix-20240331x10q.htm
14.905903,0001004980-21-000038,8-K,2021-11-01,EX-99.2,EX-99.2,8-K,"0001004980,0000075488","PG&E Corp  (PCG, PCG-PA, PCG-PB, PCG-PC, PCG-PD, PCG-PE, PCG-PG, PCG-PH, PCG-PI)  (CIK 0001004980) | PACIFIC GAS & ELECTRIC Co  (CIK 0000075488)",0001004980-21-000038:q32021earningspresentati.htm
14.900709,0001004980-24-000119,8-K,2024-11-07,EX-99.1,EX-99.1,8-K,"0001004980,0000075488","PG&E Corp  (PCG, PCG-PA, PCG-PB, PCG-PC, PCG-PD, PCG-PE, PCG-PG, PCG-PH, PCG-PI)  (CIK 0001004980) | PACIFIC GAS & ELECTRIC Co  (CIK 0000075488)",0001004980-24-000119:pge-q32024pressrelease.htm
14.899334,0000827052-26-000023,ARS,2026-03-13,ARS,ARS,ARS,"0000827052,0000092103",EDISON INTERNATIONAL  (EIX)  (CIK 0000827052) | SOUTHERN CALIFORNIA EDISON Co  (CIK 0000092103),0000827052-26-000023:eix-20251231xars.pdf
14.89932,0001193125-22-278628,S-4/A,2022-11-07,EX-4.2,EX-4.2,S-4,0001941536,"Wildfire New PubCo, Inc.  (BAER, BAERW)  (CIK 0001941536)",0001193125-22-278628:d386876dex42.htm
14.897973,0000827052-26-000012,10-K,2026-02-18,10-K,10-K,10-K,"0000827052,0000092103",EDISON INTERNATIONAL  (EIX)  (CIK 0000827052) | SOUTHERN CALIFORNIA EDISON Co  (CIK 0000092103),0000827052-26-000012:eix-20251231.htm
14.897693,0001683168-25-005849,8-K,2025-08-11,EX-99.1,INVESTOR PRESENTATION DATED AUGUST 2025,8-K,0001941536,"Bridger Aerospace Group Holdings, Inc.  (BAER, BAERW)  (CIK 0001941536)",0001683168-25-005849:bridger_ex9901.htm
14.895107,0001004980-25-000132,10-Q,2025-07-31,10-Q,10-Q,10-Q,"0001004980,0000075488","PG&E Corp  (PCG, PCG-PA, PCG-PB, PCG-PC, PCG-PD, PCG-PE, PCG-PG, PCG-PH, PCG-PI, PCG-PX)  (CIK 0001004980) | PACIFIC GAS & ELECTRIC Co  (CIK 0000075488)",0001004980-25-000132:pcg-20250630.htm
14.894998,0001558370-21-004913,8-K,2021-04-27,EX-99.2,"EXHIBIT 99.2 EIX Q1 2021 CONFERENCE CALL PREPARED REMARKS DATED APRIL 27, 2021",8-K,"0000827052,0000092103","EDISON INTERNATIONAL  (EIX)  (CIK 0000827052) | SOUTHERN CALIFORNIA EDISON Co  (SCE-PG, SCE-PH, SCE-PJ, SCE-PK, SCE-PL, SCE-PM, SCE-PN)  (CIK 0000092103)",0001558370-21-004913:eix-20210427xex99d2.htm
14.892978,0000827052-19-000167,8-K,2019-10-29,EX-99.3,"EXHIBIT 99.3 EIX FINANCIAL RESULTS PRESENTATION DATED OCTOBER 29, 2019",8-K,"0000827052,0000092103",EDISON INTERNATIONAL  (EIX)  (CIK 0000827052) | SOUTHERN CALIFORNIA EDISON Co  (CIK 0000092103),0000827052-19-000167:q32019financialresults.htm
14.892028,0000827052-24-000075,10-Q,2024-10-29,10-Q,10-Q,10-Q,"0000827052,0000092103",EDISON INTERNATIONAL  (EIX)  (CIK 0000827052) | SOUTHERN CALIFORNIA EDISON Co  (CIK 0000092103),0000827052-24-000075:eix-20240930x10q.htm
14.89121,0000354707-24-000052,8-K,2024-08-09,EX-99,EX-99,8-K,"0000354707,0000046207","HAWAIIAN ELECTRIC INDUSTRIES INC  (HE)  (CIK 0000354707) | HAWAIIAN ELECTRIC CO INC  (HAWEL, HAWEM, HAWEN, HAWLI, HAWLL, HAWLM, HAWLN)  (CIK 0000046207)",0000354707-24-000052:heiexhibit99-8xk08x09x24.htm
14.891066,0000827052-25-000021,8-K,2025-02-27,EX-99.3,EX-99.3 EIX FOURTH QUARTER AND FULL-YEAR 2024 PRESENTATION,8-K,"0000827052,0000092103",EDISON INTERNATIONAL  (EIX)  (CIK 0000827052) | SOUTHERN CALIFORNIA EDISON Co  (CIK 0000092103),0000827052-25-000021:exhibit993eixq42024earni.htm
14.889942,0000827052-20-000091,10-Q,2020-04-30,10-Q,10-Q,10-Q,"0000827052,0000092103","EDISON INTERNATIONAL  (EIX)  (CIK 0000827052) | SOUTHERN CALIFORNIA EDISON Co  (SCE-PG, SCE-PH, SCE-PJ, SCE-PK, SCE-PL, SCE-PM, SCE-PN)  (CIK 0000092103)",0000827052-20-000091:eix-sceq110q2020.htm
14.888604,0000827052-24-000034,8-K,2024-04-30,EX-99.3,"EX-99.3 EIX Q1 2024 FINANCIAL RESULTS PRESENTATION DATED APRIL 30, 2024",8-K,"0000827052,0000092103","EDISON INTERNATIONAL  (EIX)  (CIK 0000827052) | SOUTHERN CALIFORNIA EDISON Co  (SCE-PG, SCE-PH, SCE-PJ, SCE-PK, SCE-PL, SCE-PM, SCE-PN)  (CIK 0000092103)",0000827052-24-000034:eix-20240430xex99d3.htm
14.888599,0000827052-20-000094,8-K,2020-05-01,EX-99.1,"EXHIBIT 99.1 BUSINESS UPDATE PRESENTATION MAY 1, 2020",8-K,"0000827052,0000092103","EDISON INTERNATIONAL  (EIX)  (CIK 0000827052) | SOUTHERN CALIFORNIA EDISON Co  (SCE-PG, SCE-PH, SCE-PJ, SCE-PK, SCE-PL, SCE-PM, SCE-PN)  (CIK 0000092103)",0000827052-20-000094:eixmay2020businessupdate.htm
14.887391,0000827052-26-000041,8-K,2026-04-28,EX-99.3,"EX-99.3 EIX Q1 2026 FINANCIAL RESULTS PRESENTATION DATED APRIL 28, 2026",8-K,"0000827052,0000092103",EDISON INTERNATIONAL  (EIX)  (CIK 0000827052) | SOUTHERN CALIFORNIA EDISON Co  (CIK 0000092103),0000827052-26-000041:eixq12026earningstelecon.htm
14.887277,0000827052-25-000043,10-Q,2025-04-29,10-Q,10-Q,10-Q,"0000827052,0000092103",EDISON INTERNATIONAL  (EIX)  (CIK 0000827052) | SOUTHERN CALIFORNIA EDISON Co  (CIK 0000092103),0000827052-25-000043:eix-20250331.htm
14.886434,0001004980-22-000132,8-K,2022-10-27,EX-99.1,EX-99.1,8-K,"0001004980,0000075488","PG&E Corp  (PCG, PCG-PA, PCG-PB, PCG-PC, PCG-PD, PCG-PE, PCG-PG, PCG-PH, PCG-PI)  (CIK 0001004980) | PACIFIC GAS & ELECTRIC Co  (CIK 0000075488)",0001004980-22-000132:pge-102722xpressrelease.htm
14.884411,0000827052-23-000036,8-K,2023-05-02,EX-99.3,"EX-99.3 EIX Q1 2023 FINANCIAL RESULTS PRESENTATION DATED MAY 2, 2023",8-K,"0000827052,0000092103","EDISON INTERNATIONAL  (EIX)  (CIK 0000827052) | SOUTHERN CALIFORNIA EDISON Co  (SCE-PG, SCE-PH, SCE-PJ, SCE-PK, SCE-PL, SCE-PM, SCE-PN)  (CIK 0000092103)",0000827052-23-000036:eix-20230502xex99d3.htm
14.884244,0000827052-20-000025,8-K,2020-02-27,EX-99.3,"EXHIBIT 99.3 EIX 2019 FINANCIAL RESULTS PRESENTATION DATED FEBRUARY 27, 2020",8-K,"0000827052,0000092103","EDISON INTERNATIONAL  (EIX)  (CIK 0000827052) | SOUTHERN CALIFORNIA EDISON Co  (SCE-PG, SCE-PH, SCE-PJ, SCE-PK, SCE-PL, SCE-PM, SCE-PN)  (CIK 0000092103)",0000827052-20-000025:eix2019conferencecallpre.htm
14.883677,0001004980-24-000056,10-Q,2024-04-25,10-Q,10-Q,10-Q,"0001004980,0000075488","PG&E Corp  (PCG, PCG-PA, PCG-PB, PCG-PC, PCG-PD, PCG-PE, PCG-PG, PCG-PH, PCG-PI)  (CIK 0001004980) | PACIFIC GAS & ELECTRIC Co  (CIK 0000075488)",0001004980-24-000056:pcg-20240331.htm
14.88133,0001839882-23-031517,8-K,2023-11-28,EX-99.1,"SLIDE PRESENTATION DATED NOVEMBER 28, 2023",8-K,"0001004980,0000075488","PG&E Corp  (PCG, PCG-PA, PCG-PB, PCG-PC, PCG-PD, PCG-PE, PCG-PG, PCG-PH, PCG-PI)  (CIK 0001004980) | PACIFIC GAS & ELECTRIC Co  (CIK 0000075488)",0001839882-23-031517:ex99-1.htm
14.880834,0001918072-24-000011,10-D,2024-06-13,10-D,10-D,10-D,0001918072,PG&E Wildfire Recovery Funding LLC  (CIK 0001918072),0001918072-24-000011:pgewildfirerecoveryfunding.htm
14.879694,0000827052-20-000025,8-K,2020-02-27,EX-99.2,"EXHIBIT 99.2 EIX 2019 CONFERENCE CALL PREPARED REMARKS DATED FEBRUARY 27, 2020",8-K,"0000827052,0000092103","EDISON INTERNATIONAL  (EIX)  (CIK 0000827052) | SOUTHERN CALIFORNIA EDISON Co  (SCE-PG, SCE-PH, SCE-PJ, SCE-PK, SCE-PL, SCE-PM, SCE-PN)  (CIK 0000092103)",0000827052-20-000025:eix-sceexhibit992q42019.htm
14.879635,0001004980-23-000088,8-K,2023-05-04,EX-99.2,EX-99.2,8-K,"0001004980,0000075488","PG&E Corp  (PCG, PCG-PA, PCG-PB, PCG-PC, PCG-PD, PCG-PE, PCG-PG, PCG-PH, PCG-PI)  (CIK 0001004980) | PACIFIC GAS & ELECTRIC Co  (CIK 0000075488)",0001004980-23-000088:q123earningspresentation.htm
14.87808,0000827052-25-000074,10-Q,2025-07-31,10-Q,10-Q,10-Q,"0000827052,0000092103",EDISON INTERNATIONAL  (EIX)  (CIK 0000827052) | SOUTHERN CALIFORNIA EDISON Co  (CIK 0000092103),0000827052-25-000074:eix-20250630.htm
14.8748045,0001004980-25-000087,10-Q,2025-04-24,10-Q,10-Q,10-Q,"0001004980,0000075488","PG&E Corp  (PCG, PCG-PA, PCG-PB, PCG-PC, PCG-PD, PCG-PE, PCG-PG, PCG-PH, PCG-PI, PCG-PX)  (CIK 0001004980) | PACIFIC GAS & ELECTRIC Co  (CIK 0000075488)",0001004980-25-000087:pcg-20250331.htm
14.874537,0001004980-24-000055,8-K,2024-04-25,EX-99.1,EX-99.1,8-K,"0001004980,0000075488","PG&E Corp  (PCG, PCG-PA, PCG-PB, PCG-PC, PCG-PD, PCG-PE, PCG-PG, PCG-PH, PCG-PI)  (CIK 0001004980) | PACIFIC GAS & ELECTRIC Co  (CIK 0000075488)",0001004980-24-000055:pge-042524xpressrelease.htm
14.873662,0000827052-25-000076,8-K,2025-08-01,EX-99.1,"EX-99.1 BUSINESS UPDATE PRESENTATION DATE JULY 31, 2025",8-K,"0000827052,0000092103",EDISON INTERNATIONAL  (EIX)  (CIK 0000827052) | SOUTHERN CALIFORNIA EDISON Co  (CIK 0000092103),0000827052-25-000076:a07eixjuly2025businessup.htm
14.873255,0000086521-10-000083,8-K,2010-12-15,8-K,FORM 8-K,8-K,"0000086521,0001032208","SAN DIEGO GAS & ELECTRIC CO  (CIK 0000086521) | SEMPRA ENERGY  (SRE, SREA)  (CIK 0001032208)",0000086521-10-000083:sesdge8k121310.htm
14.870526,0000827052-20-000110,8-K,2020-07-28,EX-99.2,"EXHIBIT 99.2 EIX Q2 2020 CONFERENCE CALL PREPARED REMARKS DATED JULY 28, 2020",8-K,"0000827052,0000092103","EDISON INTERNATIONAL  (EIX)  (CIK 0000827052) | SOUTHERN CALIFORNIA EDISON Co  (SCE-PG, SCE-PH, SCE-PJ, SCE-PK, SCE-PL, SCE-PM, SCE-PN)  (CIK 0000092103)",0000827052-20-000110:eix-sceexhibit992q22020.htm
14.867648,0001004980-24-000055,8-K,2024-04-25,EX-99.2,EX-99.2,8-K,"0001004980,0000075488","PG&E Corp  (PCG, PCG-PA, PCG-PB, PCG-PC, PCG-PD, PCG-PE, PCG-PG, PCG-PH, PCG-PI)  (CIK 0001004980) | PACIFIC GAS & ELECTRIC Co  (CIK 0000075488)",0001004980-24-000055:pgeq124earningspresentat.htm
14.865014,0000827052-21-000018,8-K,2021-02-25,EX-99.1,"EXHIBIT 99.1 EDISON INTERNATIONAL PRESS RELEASE FEBRUARY 25, 2021",8-K,"0000827052,0000092103","EDISON INTERNATIONAL  (EIX)  (CIK 0000827052) | SOUTHERN CALIFORNIA EDISON Co  (SCE-PG, SCE-PH, SCE-PJ, SCE-PK, SCE-PL, SCE-PM, SCE-PN)  (CIK 0000092103)",0000827052-21-000018:eix-sceexhibit99x1q42020.htm
14.863169,0000827052-23-000065,10-Q,2023-07-27,10-Q,10-Q,10-Q,"0000827052,0000092103","EDISON INTERNATIONAL  (EIX)  (CIK 0000827052) | SOUTHERN CALIFORNIA EDISON Co  (SCE-PG, SCE-PH, SCE-PJ, SCE-PK, SCE-PL, SCE-PM, SCE-PN)  (CIK 0000092103)",0000827052-23-000065:eix-20230630x10q.htm
14.862364,0001918072-23-000006,10-K,2023-03-31,10-K,10-K,10-K,0001918072,PG&E Wildfire Recovery Funding LLC  (CIK 0001918072),0001918072-23-000006:pwrf-20221231.htm
14.861519,0001004980-20-000057,8-K,2020-10-29,EX-99.1,EX-99.1,8-K,"0001004980,0000075488","PG&E Corp  (PCG, PCG-PA, PCG-PB, PCG-PC, PCG-PD, PCG-PE, PCG-PG, PCG-PH, PCG-PI)  (CIK 0001004980) | PACIFIC GAS & ELECTRIC Co  (CIK 0000075488)",0001004980-20-000057:pge-093020xpressrelease.htm
14.860025,0001004980-21-000011,8-K,2021-04-29,EX-99.1,EX-99.1,8-K,"0001004980,0000075488","PG&E Corp  (PCG, PCG-PA, PCG-PB, PCG-PC, PCG-PD, PCG-PE, PCG-PG, PCG-PH, PCG-PI)  (CIK 0001004980) | PACIFIC GAS & ELECTRIC Co  (CIK 0000075488)",0001004980-21-000011:pge-042921xpressrelease.htm
14.8599,0000827052-21-000022,8-K,2021-02-26,EX-99.1,"EX-99.1 BUSINESS UPDATE PRESENTATION FEBRUARY 26, 2021",8-K,"0000827052,0000092103","EDISON INTERNATIONAL  (EIX)  (CIK 0000827052) | SOUTHERN CALIFORNIA EDISON Co  (SCE-PG, SCE-PH, SCE-PJ, SCE-PK, SCE-PL, SCE-PM, SCE-PN)  (CIK 0000092103)",0000827052-21-000022:eixfebruary2021businessu.htm
14.859678,0001004980-19-000046,10-Q,2019-11-07,10-Q,10-Q,10-Q,"0001004980,0000075488","PG&E Corp  (PCG, PCG-PA, PCG-PB, PCG-PC, PCG-PD, PCG-PE, PCG-PG, PCG-PH, PCG-PI)  (CIK 0001004980) | PACIFIC GAS & ELECTRIC Co  (CIK 0000075488)",0001004980-19-000046:pcg-20190930.htm
14.859206,0000827052-21-000051,10-Q,2021-07-29,10-Q,EIX/SCE Q2 10-Q,10-Q,"0000827052,0000092103","EDISON INTERNATIONAL  (EIX)  (CIK 0000827052) | SOUTHERN CALIFORNIA EDISON Co  (SCE-PG, SCE-PH, SCE-PJ, SCE-PK, SCE-PL, SCE-PM, SCE-PN)  (CIK 0000092103)",0000827052-21-000051:eix-20210630x10q.htm
14.859017,0000950157-20-000795,8-K,2020-06-24,EX-2.1,"CONFIRMATION ORDER, DATED JUNE 20, 2020",8-K,"0001004980,0000075488","PG&E Corp  (PCG, PCG-PA, PCG-PB, PCG-PC, PCG-PD, PCG-PE, PCG-PG, PCG-PH, PCG-PI)  (CIK 0001004980) | PACIFIC GAS & ELECTRIC Co  (CIK 0000075488)",0000950157-20-000795:ex2-1.htm
14.858927,0000950157-20-000351,8-K,2020-03-10,EX-99.1,CONSOLIDATED FINANCIAL PROJECTIONS,8-K,"0001004980,0000075488","PG&E Corp  (PCG, PCG-PA, PCG-PB, PCG-PC, PCG-PD, PCG-PE, PCG-PG, PCG-PH, PCG-PI)  (CIK 0001004980) | PACIFIC GAS & ELECTRIC Co  (CIK 0000075488)",0000950157-20-000351:ex99-1.htm
14.858911,0001004980-25-000131,8-K,2025-07-31,EX-99.1,EX-99.1,8-K,"0001004980,0000075488","PG&E Corp  (PCG, PCG-PA, PCG-PB, PCG-PC, PCG-PD, PCG-PE, PCG-PG, PCG-PH, PCG-PI, PCG-PX)  (CIK 0001004980) | PACIFIC GAS & ELECTRIC Co  (CIK 0000075488)",0001004980-25-000131:pge-q22025pressrelease.htm
14.85487,0000827052-20-000110,8-K,2020-07-28,EX-99.3,"EX-99.3 EIX Q2 2020 CONFERENCE CALL PRESENTATION DATED JULY 28, 2020",8-K,"0000827052,0000092103","EDISON INTERNATIONAL  (EIX)  (CIK 0000827052) | SOUTHERN CALIFORNIA EDISON Co  (SCE-PG, SCE-PH, SCE-PJ, SCE-PK, SCE-PL, SCE-PM, SCE-PN)  (CIK 0000092103)",0000827052-20-000110:eix-sceexhibit993q22020.htm
14.853519,0000827052-23-000013,8-K,2023-02-24,EX-99.1,"EX-99.1 EIX BUSINESS UPDATE PRESENTATION DATED FEBRUARY 24, 2023",8-K,"0000827052,0000092103","EDISON INTERNATIONAL  (EIX)  (CIK 0000827052) | SOUTHERN CALIFORNIA EDISON Co  (SCE-PG, SCE-PH, SCE-PJ, SCE-PK, SCE-PL, SCE-PM, SCE-PN)  (CIK 0000092103)",0000827052-23-000013:eix-20230224xex99d1.htm
14.853405,0000827052-23-000083,8-K,2023-11-01,EX-99.1,"EX-99.1 EDISON INTERNATIONAL PRESS RELEASE DATED NOV 1, 2023",8-K,"0000827052,0000092103","EDISON INTERNATIONAL  (EIX)  (CIK 0000827052) | SOUTHERN CALIFORNIA EDISON Co  (SCE-PG, SCE-PH, SCE-PJ, SCE-PK, SCE-PL, SCE-PM, SCE-PN)  (CIK 0000092103)",0000827052-23-000083:eix-20231101xex99d1.htm
14.853332,0000827052-19-000170,8-K,2019-10-30,EX-99.1,"EXHIBIT 99.1 EIX BUSINESS UPDATE PRESENTATION DATED OCTOBER 30, 2019",8-K,"0000827052,0000092103","EDISON INTERNATIONAL  (EIX)  (CIK 0000827052) | SOUTHERN CALIFORNIA EDISON Co  (SCE-PG, SCE-PH, SCE-PJ, SCE-PK, SCE-PL, SCE-PM, SCE-PN)  (CIK 0000092103)",0000827052-19-000170:eixoctober2019businessup.htm
14.851335,0001004980-25-000147,8-K,2025-10-23,EX-99.1,EX-99.1,8-K,"0001004980,0000075488","PG&E Corp  (PCG, PCG-PA, PCG-PB, PCG-PC, PCG-PD, PCG-PE, PCG-PG, PCG-PH, PCG-PI, PCG-PX)  (CIK 0001004980) | PACIFIC GAS & ELECTRIC Co  (CIK 0000075488)",0001004980-25-000147:pge-q32025pressrelease.htm
14.851299,0000354707-25-000062,8-K,2025-11-07,EX-99,EX-99,8-K,"0000354707,0000046207","HAWAIIAN ELECTRIC INDUSTRIES INC  (HE)  (CIK 0000354707) | HAWAIIAN ELECTRIC CO INC  (HAWEL, HAWEM, HAWEN, HAWLI, HAWLL, HAWLM, HAWLN)  (CIK 0000046207)",0000354707-25-000062:heiexhibit99-8xk11x07x25.htm
14.850963,0001004980-24-000104,8-K,2024-07-25,EX-99.2,EX-99.2,8-K,"0001004980,0000075488","PG&E Corp  (PCG, PCG-PA, PCG-PB, PCG-PC, PCG-PD, PCG-PE, PCG-PG, PCG-PH, PCG-PI)  (CIK 0001004980) | PACIFIC GAS & ELECTRIC Co  (CIK 0000075488)",0001004980-24-000104:q224earningspresentation.htm
14.850389,0000827052-24-000017,8-K,2024-02-23,EX-99.1,"EX-99.1 EIX BUSINESS UPDATE PRESENTATION DATED FEBRUARY 23, 2024",8-K,"0000827052,0000092103","EDISON INTERNATIONAL  (EIX)  (CIK 0000827052) | SOUTHERN CALIFORNIA EDISON Co  (SCE-PG, SCE-PH, SCE-PJ, SCE-PK, SCE-PL, SCE-PM, SCE-PN)  (CIK 0000092103)",0000827052-24-000017:eix-20240223xex99d1.htm
14.8499155,0001004980-20-000057,8-K,2020-10-29,EX-99.2,EX-99.2,8-K,"0001004980,0000075488","PG&E Corp  (PCG, PCG-PA, PCG-PB, PCG-PC, PCG-PD, PCG-PE, PCG-PG, PCG-PH, PCG-PI)  (CIK 0001004980) | PACIFIC GAS & ELECTRIC Co  (CIK 0000075488)",0001004980-20-000057:pge_q3x2020earningsprese.htm
14.849819,0000827052-25-000022,10-K,2025-02-27,10-K,10-K,10-K,"0000827052,0000092103",EDISON INTERNATIONAL  (EIX)  (CIK 0000827052) | SOUTHERN CALIFORNIA EDISON Co  (CIK 0000092103),0000827052-25-000022:eix-20241231.htm
14.849139,0000827052-21-000033,10-Q,2021-04-27,10-Q,EIX/SCE Q110-Q,10-Q,"0000827052,0000092103","EDISON INTERNATIONAL  (EIX)  (CIK 0000827052) | SOUTHERN CALIFORNIA EDISON Co  (SCE-PG, SCE-PH, SCE-PJ, SCE-PK, SCE-PL, SCE-PM, SCE-PN)  (CIK 0000092103)",0000827052-21-000033:eix-20210331x10q.htm
14.847894,0000950157-19-000727,8-K,2019-06-19,EX-10.5,PLAN SUPPORT AGREEMENT [YUBA],8-K,"0001004980,0000075488","PG&E Corp  (PCG, PCG-PA, PCG-PB, PCG-PC, PCG-PD, PCG-PE, PCG-PG, PCG-PH, PCG-PI)  (CIK 0001004980) | PACIFIC GAS & ELECTRIC Co  (CIK 0000075488)",0000950157-19-000727:ex10-5.htm
14.847394,0001558370-21-014092,8-K,2021-11-02,EX-99.4,"EXHIBIT 99.4 EIX Q3 2021 FINANCIAL RESULTS PRESENTATION DATED NOVEMBER 2, 2021",8-K,"0000827052,0000092103","EDISON INTERNATIONAL  (EIX)  (CIK 0000827052) | SOUTHERN CALIFORNIA EDISON Co  (SCE-PG, SCE-PH, SCE-PJ, SCE-PK, SCE-PL, SCE-PM, SCE-PN)  (CIK 0000092103)",0001558370-21-014092:eix-20211102xex99d4.htm
14.84379,0001004980-25-000147,8-K,2025-10-23,EX-99.2,EX-99.2,8-K,"0001004980,0000075488","PG&E Corp  (PCG, PCG-PA, PCG-PB, PCG-PC, PCG-PD, PCG-PE, PCG-PG, PCG-PH, PCG-PI, PCG-PX)  (CIK 0001004980) | PACIFIC GAS & ELECTRIC Co  (CIK 0000075488)",0001004980-25-000147:q325earningspresentation.htm
14.842414,0000827052-22-000075,8-K,2022-11-01,EX-99.3,"EX-99.3 EIX Q3 2022 FINANCIAL RESULTS PRESENTATION DATED NOVEMBER 1, 2022",8-K,"0000827052,0000092103","EDISON INTERNATIONAL  (EIX)  (CIK 0000827052) | SOUTHERN CALIFORNIA EDISON Co  (SCE-PG, SCE-PH, SCE-PJ, SCE-PK, SCE-PL, SCE-PM, SCE-PN)  (CIK 0000092103)",0000827052-22-000075:eix-20221101xex99d3.htm
14.841535,0000827052-19-000033,8-K,2019-02-28,EX-99.2,EIX 2018 FINANCIAL RESULTS CONFERENCE CALL PREPARED REMARKS DATED 2/28/19,8-K,"0000827052,0000092103","EDISON INTERNATIONAL  (EIX)  (CIK 0000827052) | SOUTHERN CALIFORNIA EDISON CO  (SCE-PG, SCE-PH, SCE-PJ, SCE-PK, SCE-PL, SCE-PM, SCE-PN)  (CIK 0000092103)",0000827052-19-000033:a992preparedremarksof4qful.htm
14.840829,0001004980-22-000119,CORRESP,2022-09-15,CORRESP,,CORRESP,"0001004980,0000075488","PG&E Corp  (PCG, PCG-PA, PCG-PB, PCG-PC, PCG-PD, PCG-PE, PCG-PG, PCG-PH, PCG-PI)  (CIK 0001004980) | PACIFIC GAS & ELECTRIC Co  (CIK 0000075488)",0001004980-22-000119:filename1.htm
14.840749,0001004980-23-000148,8-K,2023-10-26,EX-99.1,EX-99.1,8-K,"0001004980,0000075488","PG&E Corp  (PCG, PCG-PA, PCG-PB, PCG-PC, PCG-PD, PCG-PE, PCG-PG, PCG-PH, PCG-PI)  (CIK 0001004980) | PACIFIC GAS & ELECTRIC Co  (CIK 0000075488)",0001004980-23-000148:pge-102623xpressrelease.htm
14.83752,0000827052-26-000010,8-K,2026-02-18,EX-99.1,"EX-99.1 EDISON INTERNATIONAL PRESS RELEASE DATED FEBRUARY 18, 2026",8-K,"0000827052,0000092103",EDISON INTERNATIONAL  (EIX)  (CIK 0000827052) | SOUTHERN CALIFORNIA EDISON Co  (CIK 0000092103),0000827052-26-000010:eix-2026x02x18exx991.htm
14.836681,0001918072-23-000010,10-D,2023-06-15,10-D,10-D,10-D,0001918072,PG&E Wildfire Recovery Funding LLC  (CIK 0001918072),0001918072-23-000010:pgewildfirerecoveryfunding.htm
14.836681,0001918072-25-000013,10-D,2025-12-12,10-D,10-D,10-D,0001918072,PG&E Wildfire Recovery Funding LLC  (CIK 0001918072),0001918072-25-000013:pgewildfirerecoveryfunding.htm
14.834891,0000354707-25-000008,8-K,2025-02-21,EX-99,EX-99,8-K,"0000354707,0000046207",HAWAIIAN ELECTRIC INDUSTRIES INC  (HE)  (CIK 0000354707) | HAWAIIAN ELECTRIC CO INC  (CIK 0000046207),0000354707-25-000008:heiexhibit99-8xk02x21x25.htm
14.834254,0000827052-23-000084,10-Q,2023-11-01,10-Q,10-Q,10-Q,"0000827052,0000092103","EDISON INTERNATIONAL  (EIX)  (CIK 0000827052) | SOUTHERN CALIFORNIA EDISON Co  (SCE-PG, SCE-PH, SCE-PJ, SCE-PK, SCE-PL, SCE-PM, SCE-PN)  (CIK 0000092103)",0000827052-23-000084:eix-20230930x10q.htm
14.832896,0000827052-25-000073,8-K,2025-07-31,EX-99.3,"EX-99.3 EIX Q2 2025 FINANCIAL RESULTS PRESENTATION DATED JULY 31, 2025",8-K,"0000827052,0000092103",EDISON INTERNATIONAL  (EIX)  (CIK 0000827052) | SOUTHERN CALIFORNIA EDISON Co  (CIK 0000092103),0000827052-25-000073:eixq22025earningstelecon.htm
14.832289,0001004980-25-000008,8-K,2025-02-13,EX-99.1,EX-99.1,8-K,"0001004980,0000075488","PG&E Corp  (PCG, PCG-PA, PCG-PB, PCG-PC, PCG-PD, PCG-PE, PCG-PG, PCG-PH, PCG-PI, PCG-PX)  (CIK 0001004980) | PACIFIC GAS & ELECTRIC Co  (CIK 0000075488)",0001004980-25-000008:pge-q42024pressrelease.htm
14.829932,0001004980-21-000005,8-K,2021-02-25,EX-99.2,EX-99.2,8-K,"0001004980,0000075488","PG&E Corp  (PCG, PCG-PA, PCG-PB, PCG-PC, PCG-PD, PCG-PE, PCG-PG, PCG-PH, PCG-PI)  (CIK 0001004980) | PACIFIC GAS & ELECTRIC Co  (CIK 0000075488)",0001004980-21-000005:ecq42020earningspresenta.htm
14.829441,0001004980-23-000089,10-Q,2023-05-04,10-Q,10-Q,10-Q,"0001004980,0000075488","PG&E Corp  (PCG, PCG-PA, PCG-PB, PCG-PC, PCG-PD, PCG-PE, PCG-PG, PCG-PH, PCG-PI)  (CIK 0001004980) | PACIFIC GAS & ELECTRIC Co  (CIK 0000075488)",0001004980-23-000089:pcg-20230331.htm
14.828477,0000827052-25-000042,8-K,2025-04-29,EX-99.1,"EX-99.1 EDISON INTERNATIONAL PRESS RELEASE DATED APRIL 29, 2025",8-K,"0000827052,0000092103",EDISON INTERNATIONAL  (EIX)  (CIK 0000827052) | SOUTHERN CALIFORNIA EDISON Co  (CIK 0000092103),0000827052-25-000042:eix-2025x04x29exx991.htm
14.828434,0001558370-21-004913,8-K,2021-04-27,EX-99.1,"EXHIBIT 99.1 EDISON INTERNATIONAL PRESS RELEASE DATED APRIL 27, 2021",8-K,"0000827052,0000092103","EDISON INTERNATIONAL  (EIX)  (CIK 0000827052) | SOUTHERN CALIFORNIA EDISON Co  (SCE-PG, SCE-PH, SCE-PJ, SCE-PK, SCE-PL, SCE-PM, SCE-PN)  (CIK 0000092103)",0001558370-21-004913:eix-20210427xex99d1.htm
14.825919,0000827052-26-000010,8-K,2026-02-18,EX-99.3,EX-99.3 EIX FOURTH QUARTER AND FULL-YEAR 2025 PRESENTATION,8-K,"0000827052,0000092103",EDISON INTERNATIONAL  (EIX)  (CIK 0000827052) | SOUTHERN CALIFORNIA EDISON Co  (CIK 0000092103),0000827052-26-000010:eixq42025earningstelecon.htm
14.825859,0001004980-21-000005,8-K,2021-02-25,EX-99.1,EX-99.1,8-K,"0001004980,0000075488","PG&E Corp  (PCG, PCG-PA, PCG-PB, PCG-PC, PCG-PD, PCG-PE, PCG-PG, PCG-PH, PCG-PI)  (CIK 0001004980) | PACIFIC GAS & ELECTRIC Co  (CIK 0000075488)",0001004980-21-000005:pge-022521xpressrelease1.htm
14.822674,0000827052-24-000034,8-K,2024-04-30,EX-99.1,"EX-99.1 EDISON INTERNATIONAL PRESS RELEASE DATED APRIL 30, 2024",8-K,"0000827052,0000092103","EDISON INTERNATIONAL  (EIX)  (CIK 0000827052) | SOUTHERN CALIFORNIA EDISON Co  (SCE-PG, SCE-PH, SCE-PJ, SCE-PK, SCE-PL, SCE-PM, SCE-PN)  (CIK 0000092103)",0000827052-24-000034:eix-20240430xex99d1.htm
14.822229,0000827052-23-000036,8-K,2023-05-02,EX-99.1,"EX-99.1 EDISON INTERNATIONAL PRESS RELEASE DATED MAY 2, 2023",8-K,"0000827052,0000092103","EDISON INTERNATIONAL  (EIX)  (CIK 0000827052) | SOUTHERN CALIFORNIA EDISON Co  (SCE-PG, SCE-PH, SCE-PJ, SCE-PK, SCE-PL, SCE-PM, SCE-PN)  (CIK 0000092103)",0000827052-23-000036:eix-20230502xex99d1.htm
14.82118,0001004980-20-000008,8-K,2020-02-18,EX-99.4,EX-99.4,8-K,"0001004980,0000075488","PG&E Corp  (PCG, PCG-PA, PCG-PB, PCG-PC, PCG-PD, PCG-PE, PCG-PG, PCG-PH, PCG-PI)  (CIK 0001004980) | PACIFIC GAS & ELECTRIC Co  (CIK 0000075488)",0001004980-20-000008:pgedisclosurestatementfi.htm
14.819549,0001558370-22-001929,8-K,2022-02-24,EX-99.2,"EXHIBIT 99.2 EDISON INTERNATIONAL FOURTH QUARTER AND FULL-YEAR 2021 FINANCIAL RESULTS CONFERENCE CALL PREPARED REMARKS DATED FEBRUARY 24, 2022",8-K,"0000827052,0000092103","EDISON INTERNATIONAL  (EIX)  (CIK 0000827052) | SOUTHERN CALIFORNIA EDISON Co  (SCE-PG, SCE-PH, SCE-PJ, SCE-PK, SCE-PL, SCE-PM, SCE-PN)  (CIK 0000092103)",0001558370-22-001929:eix-20220224xex99d2.htm
14.818546,0000827052-20-000090,8-K,2020-04-30,EX-99.3,"EXHIBIT 99.3 EIX Q1 2020 CONFERENCE CALL PRESENTATION DATED APRIL 30, 2020",8-K,"0000827052,0000092103","EDISON INTERNATIONAL  (EIX)  (CIK 0000827052) | SOUTHERN CALIFORNIA EDISON Co  (SCE-PG, SCE-PH, SCE-PJ, SCE-PK, SCE-PL, SCE-PM, SCE-PN)  (CIK 0000092103)",0000827052-20-000090:eixq12020earningstelecon.htm
14.816552,0000827052-24-000020,ARS,2024-03-15,ARS,ARS,ARS,"0000827052,0000092103","EDISON INTERNATIONAL  (EIX)  (CIK 0000827052) | SOUTHERN CALIFORNIA EDISON Co  (SCE-PG, SCE-PH, SCE-PJ, SCE-PK, SCE-PL, SCE-PM, SCE-PN)  (CIK 0000092103)",0000827052-24-000020:eix-20231231xars.pdf
14.815889,0001004980-22-000069,8-K,2022-04-28,EX-99.1,EX-99.1,8-K,"0001004980,0000075488","PG&E Corp  (PCG, PCG-PA, PCG-PB, PCG-PC, PCG-PD, PCG-PE, PCG-PG, PCG-PH, PCG-PI)  (CIK 0001004980) | PACIFIC GAS & ELECTRIC Co  (CIK 0000075488)",0001004980-22-000069:pge-042822xpressrelease.htm
14.814907,0001918072-25-000008,10-D,2025-06-13,10-D,10-D,10-D,0001918072,PG&E Wildfire Recovery Funding LLC  (CIK 0001918072),0001918072-25-000008:pgewildfirerecoveryfunding.htm
14.814141,0000950157-19-000727,8-K,2019-06-19,EX-10.4,PLAN SUPPORT AGREEMENT [PARADISE RECREATION AND PARK DISTRICT],8-K,"0001004980,0000075488","PG&E Corp  (PCG, PCG-PA, PCG-PB, PCG-PC, PCG-PD, PCG-PE, PCG-PG, PCG-PH, PCG-PI)  (CIK 0001004980) | PACIFIC GAS & ELECTRIC Co  (CIK 0000075488)",0000950157-19-000727:ex10-4.htm
14.813345,0001004980-21-000030,8-K,2021-07-29,EX-99.1,EX-99.1,8-K,"0001004980,0000075488","PG&E Corp  (PCG, PCG-PA, PCG-PB, PCG-PC, PCG-PD, PCG-PE, PCG-PG, PCG-PH, PCG-PI)  (CIK 0001004980) | PACIFIC GAS & ELECTRIC Co  (CIK 0000075488)",0001004980-21-000030:pge-072921xpressrelease.htm
14.81262,0001004980-22-000008,8-K,2022-02-10,EX-99.1,EX-99.1,8-K,"0001004980,0000075488","PG&E Corp  (PCG, PCG-PA, PCG-PB, PCG-PC, PCG-PD, PCG-PE, PCG-PG, PCG-PH, PCG-PI)  (CIK 0001004980) | PACIFIC GAS & ELECTRIC Co  (CIK 0000075488)",0001004980-22-000008:pge-021022xpressrelease.htm
14.812108,0001558370-21-009596,8-K,2021-07-29,EX-99.3,EX-99.3,8-K,"0000827052,0000092103","EDISON INTERNATIONAL  (EIX)  (CIK 0000827052) | SOUTHERN CALIFORNIA EDISON Co  (SCE-PG, SCE-PH, SCE-PJ, SCE-PK, SCE-PL, SCE-PM, SCE-PN)  (CIK 0000092103)",0001558370-21-009596:eix-20210729xex99d3.htm
14.81076,0001004980-25-000085,8-K,2025-04-24,EX-99.2,EX-99.2,8-K,"0001004980,0000075488","PG&E Corp  (PCG, PCG-PA, PCG-PB, PCG-PC, PCG-PD, PCG-PE, PCG-PG, PCG-PH, PCG-PI, PCG-PX)  (CIK 0001004980) | PACIFIC GAS & ELECTRIC Co  (CIK 0000075488)",0001004980-25-000085:q125earningspresentation.htm
14.810757,0001999371-25-013212,8-K,2025-09-15,EX-99.1,NON-GAAP RECONCILIATION,8-K,"0001004980,0000075488","PG&E Corp  (PCG, PCG-PA, PCG-PB, PCG-PC, PCG-PD, PCG-PE, PCG-PG, PCG-PH, PCG-PI, PCG-PX)  (CIK 0001004980) | PACIFIC GAS & ELECTRIC Co  (CIK 0000075488)",0001999371-25-013212:ex99-1.htm
14.809559,0000827052-25-000021,8-K,2025-02-27,EX-99.1,"EX-99.1 EDISON INTERNATIONAL PRESS RELEASE DATED FEBRUARY 27, 2025",8-K,"0000827052,0000092103",EDISON INTERNATIONAL  (EIX)  (CIK 0000827052) | SOUTHERN CALIFORNIA EDISON Co  (CIK 0000092103),0000827052-25-000021:eix-2025x02x27exx991.htm
14.809251,0001558370-21-004913,8-K,2021-04-27,EX-99.3,"EXHIBIT 99.3 EIX Q1 2021 FINANCIAL RESULTS PRESENTATION DATED APRIL 27, 2021",8-K,"0000827052,0000092103","EDISON INTERNATIONAL  (EIX)  (CIK 0000827052) | SOUTHERN CALIFORNIA EDISON Co  (SCE-PG, SCE-PH, SCE-PJ, SCE-PK, SCE-PL, SCE-PM, SCE-PN)  (CIK 0000092103)",0001558370-21-004913:eix-20210427xex99d3.htm
14.808437,0001004980-25-000131,8-K,2025-07-31,EX-99.2,EX-99.2,8-K,"0001004980,0000075488","PG&E Corp  (PCG, PCG-PA, PCG-PB, PCG-PC, PCG-PD, PCG-PE, PCG-PG, PCG-PH, PCG-PI, PCG-PX)  (CIK 0001004980) | PACIFIC GAS & ELECTRIC Co  (CIK 0000075488)",0001004980-25-000131:q225earningspresentation.htm
14.808379,0000827052-19-000138,8-K,2019-07-29,EX-99.1,8-K BUSINESS UPDATE 07/26/19,8-K,"0000827052,0000092103","EDISON INTERNATIONAL  (EIX)  (CIK 0000827052) | SOUTHERN CALIFORNIA EDISON CO  (SCE-PG, SCE-PH, SCE-PJ, SCE-PK, SCE-PL, SCE-PM, SCE-PN)  (CIK 0000092103)",0000827052-19-000138:eixjuly2019businessupdat.htm
14.804652,0000827052-23-000064,8-K,2023-07-27,EX-99.3,"EX-99.3 EIX Q2 2023 FINANCIAL RESULTS PRESENTATION DATED JULY 27, 2023",8-K,"0000827052,0000092103","EDISON INTERNATIONAL  (EIX)  (CIK 0000827052) | SOUTHERN CALIFORNIA EDISON Co  (SCE-PG, SCE-PH, SCE-PJ, SCE-PK, SCE-PL, SCE-PM, SCE-PN)  (CIK 0000092103)",0000827052-23-000064:eix-20230727xex99d3.htm
14.804411,0000827052-23-000010,10-K,2023-02-23,10-K,EIX/SCE 10-K,10-K,"0000827052,0000092103","EDISON INTERNATIONAL  (EIX)  (CIK 0000827052) | SOUTHERN CALIFORNIA EDISON Co  (SCE-PG, SCE-PH, SCE-PJ, SCE-PK, SCE-PL, SCE-PM, SCE-PN)  (CIK 0000092103)",0000827052-23-000010:eix-20221231x10k.htm
14.799845,0000827052-20-000114,8-K,2020-07-29,EX-99.1,"EX-99.1 BUSINESS UPDATE PRESENTATION JULY 29, 2020",8-K,"0000827052,0000092103","EDISON INTERNATIONAL  (EIX)  (CIK 0000827052) | SOUTHERN CALIFORNIA EDISON Co  (SCE-PG, SCE-PH, SCE-PJ, SCE-PK, SCE-PL, SCE-PM, SCE-PN)  (CIK 0000092103)",0000827052-20-000114:exhibit991businessupdate.htm
14.797655,0000827052-25-000073,8-K,2025-07-31,EX-99.2,"EX-99.2 EIX Q2 2025 CONFERENCE CALL PREPARED REMARKS DATED JULY 31, 2025",8-K,"0000827052,0000092103",EDISON INTERNATIONAL  (EIX)  (CIK 0000827052) | SOUTHERN CALIFORNIA EDISON Co  (CIK 0000092103),0000827052-25-000073:eix-2025x07x31exx992.htm
14.796009,0001004980-22-000070,10-Q,2022-04-28,10-Q,10-Q,10-Q,"0001004980,0000075488","PG&E Corp  (PCG, PCG-PA, PCG-PB, PCG-PC, PCG-PD, PCG-PE, PCG-PG, PCG-PH, PCG-PI)  (CIK 0001004980) | PACIFIC GAS & ELECTRIC Co  (CIK 0000075488)",0001004980-22-000070:pcg-20220331.htm
14.795974,0001004980-25-000008,8-K,2025-02-13,EX-9.2,EX-9.2,8-K,"0001004980,0000075488","PG&E Corp  (PCG, PCG-PA, PCG-PB, PCG-PC, PCG-PD, PCG-PE, PCG-PG, PCG-PH, PCG-PI, PCG-PX)  (CIK 0001004980) | PACIFIC GAS & ELECTRIC Co  (CIK 0000075488)",0001004980-25-000008:q424earningspresentation.htm
14.795702,0000827052-19-000167,8-K,2019-10-29,EX-99.2,"EXHIBIT 99.2 EIX Q3 2019 CONFERENCE CALL PREPARED REMARKS DATED OCTOBER 29, 2019",8-K,"0000827052,0000092103",EDISON INTERNATIONAL  (EIX)  (CIK 0000827052) | SOUTHERN CALIFORNIA EDISON Co  (CIK 0000092103),0000827052-19-000167:exhibit992preparedrema.htm
14.792055,0000827052-22-000053,10-Q,2022-07-28,10-Q,10-Q,10-Q,"0000827052,0000092103","EDISON INTERNATIONAL  (EIX)  (CIK 0000827052) | SOUTHERN CALIFORNIA EDISON Co  (SCE-PG, SCE-PH, SCE-PJ, SCE-PK, SCE-PL, SCE-PM, SCE-PN)  (CIK 0000092103)",0000827052-22-000053:eix-20220630x10q.htm
14.790747,0000827052-24-000074,8-K,2024-10-29,EX-99.1,"EX-99.1 EDISON INTERNATIONAL PRESS RELEASE DATED OCT 29, 2024",8-K,"0000827052,0000092103",EDISON INTERNATIONAL  (EIX)  (CIK 0000827052) | SOUTHERN CALIFORNIA EDISON Co  (CIK 0000092103),0000827052-24-000074:eix-20241029xex99d1.htm
14.78732,0001004980-23-000028,8-K,2023-02-23,EX-99.1,EX-99.1,8-K,"0001004980,0000075488","PG&E Corp  (PCG, PCG-PA, PCG-PB, PCG-PC, PCG-PD, PCG-PE, PCG-PG, PCG-PH, PCG-PI)  (CIK 0001004980) | PACIFIC GAS & ELECTRIC Co  (CIK 0000075488)",0001004980-23-000028:pge-022323xpressrelease.htm
14.785956,0000950157-19-000727,8-K,2019-06-19,EX-10.3,PLAN SUPPORT AGREEMENT [BUTTE],8-K,"0001004980,0000075488","PG&E Corp  (PCG, PCG-PA, PCG-PB, PCG-PC, PCG-PD, PCG-PE, PCG-PG, PCG-PH, PCG-PI)  (CIK 0001004980) | PACIFIC GAS & ELECTRIC Co  (CIK 0000075488)",0000950157-19-000727:ex10-3.htm
14.78442,0000827052-26-000041,8-K,2026-04-28,EX-99.1,"EX-99.1 EDISON INTERNATIONAL PRESS RELEASE DATED APRIL 28, 2026",8-K,"0000827052,0000092103",EDISON INTERNATIONAL  (EIX)  (CIK 0000827052) | SOUTHERN CALIFORNIA EDISON Co  (CIK 0000092103),0000827052-26-000041:eix-2026x0428exx991.htm
14.78368,0001004980-22-000111,8-K,2022-07-28,EX-99.2,EX-99.2,8-K,0001004980,"PG&E Corp  (PCG, PCG-PA, PCG-PB, PCG-PC, PCG-PD, PCG-PE, PCG-PG, PCG-PH, PCG-PI)  (CIK 0001004980)",0001004980-22-000111:q222earningspresentation.htm
14.783419,0000827052-23-000009,8-K,2023-02-23,EX-99.1,"EXHIBIT 99.1 EDISON INTERNATIONAL PRESS RELEASE DATED FEBRUARY 23, 2023",8-K,"0000827052,0000092103","EDISON INTERNATIONAL  (EIX)  (CIK 0000827052) | SOUTHERN CALIFORNIA EDISON Co  (SCE-PG, SCE-PH, SCE-PJ, SCE-PK, SCE-PL, SCE-PM, SCE-PN)  (CIK 0000092103)",0000827052-23-000009:eix-20230223xex99d1.htm
14.782327,0001004980-24-000121,10-Q,2024-11-07,10-Q,10-Q,10-Q,"0001004980,0000075488","PG&E Corp  (PCG, PCG-PA, PCG-PB, PCG-PC, PCG-PD, PCG-PE, PCG-PG, PCG-PH, PCG-PI)  (CIK 0001004980) | PACIFIC GAS & ELECTRIC Co  (CIK 0000075488)",0001004980-24-000121:pcg-20240930.htm
14.780826,0000827052-20-000124,8-K,2020-09-23,EX-99.1,"EX-99.1 PRESS RELEASE SEPTEMBER 23, 2020",8-K,"0000827052,0000092103","EDISON INTERNATIONAL  (EIX)  (CIK 0000827052) | SOUTHERN CALIFORNIA EDISON Co  (SCE-PG, SCE-PH, SCE-PJ, SCE-PK, SCE-PL, SCE-PM, SCE-PN)  (CIK 0000092103)",0000827052-20-000124:septembersettlementnew.htm
14.780437,0000827052-18-000152,8-K,2018-10-30,EX-99.2,"EXHIBIT 99.2 EIX Q3 2018 CONFERENCE CALL PREPARED REMARKS DATED OCTOBER 30, 2018",8-K,"0000827052,0000092103","EDISON INTERNATIONAL  (EIX)  (CIK 0000827052) | SOUTHERN CALIFORNIA EDISON CO  (SCE-PG, SCE-PH, SCE-PJ, SCE-PK, SCE-PL, SCE-PM, SCE-PN)  (CIK 0000092103)",0000827052-18-000152:eix-sceexhibit99x2q32018.htm
14.779495,0000827052-25-000073,8-K,2025-07-31,EX-99.1,"EX-99.1 EDISON INTERNATIONAL PRESS RELEASE DATED JULY 31, 2025",8-K,"0000827052,0000092103",EDISON INTERNATIONAL  (EIX)  (CIK 0000827052) | SOUTHERN CALIFORNIA EDISON Co  (CIK 0000092103),0000827052-25-000073:eix-2025x07x31exx991.htm
14.774107,0000827052-19-000134,8-K,2019-07-25,EX-99.3,"EXHIBIT 99.3 EIX Q2 2019 FINANCIAL RESULTS PRESENTATION DATED JULY 25, 2019",8-K,"0000827052,0000092103","EDISON INTERNATIONAL  (EIX)  (CIK 0000827052) | SOUTHERN CALIFORNIA EDISON CO  (SCE-PG, SCE-PH, SCE-PJ, SCE-PK, SCE-PL, SCE-PM, SCE-PN)  (CIK 0000092103)",0000827052-19-000134:a993eixq22019teleconfere.htm
14.773903,0000827052-24-000074,8-K,2024-10-29,EX-99.3,"EX-99.3 EIX Q3 2024 FINANCIAL RESULTS PRESENTATION DATED OCT 29, 2024",8-K,"0000827052,0000092103",EDISON INTERNATIONAL  (EIX)  (CIK 0000827052) | SOUTHERN CALIFORNIA EDISON Co  (CIK 0000092103),0000827052-24-000074:eix-20241029xex99d3.htm
14.77346,0000827052-24-000055,10-Q,2024-07-25,10-Q,10-Q,10-Q,"0000827052,0000092103","EDISON INTERNATIONAL  (EIX)  (CIK 0000827052) | SOUTHERN CALIFORNIA EDISON Co  (SCE-PG, SCE-PH, SCE-PJ, SCE-PK, SCE-PL, SCE-PM, SCE-PN)  (CIK 0000092103)",0000827052-24-000055:eix-20240630x10q.htm
14.770811,0000827052-19-000107,8-K,2019-04-30,EX-99.2,EIX Q1 2019 FINANCIAL RESULTS CONFERENCE CALL PREPARED REMARKS DATED 4/30/2019,8-K,"0000827052,0000092103","EDISON INTERNATIONAL  (EIX)  (CIK 0000827052) | SOUTHERN CALIFORNIA EDISON CO  (SCE-PG, SCE-PH, SCE-PJ, SCE-PK, SCE-PL, SCE-PM, SCE-PN)  (CIK 0000092103)",0000827052-19-000107:exhibit992preparedremarkso.htm
14.770756,0001193125-19-014346,8-K,2019-01-23,EX-99.1,EX-99.1,8-K,"0001004980,0000075488","PG&E Corp  (PCG, PCG-PA, PCG-PB, PCG-PC, PCG-PD, PCG-PE, PCG-PG, PCG-PH, PCG-PI)  (CIK 0001004980) | PACIFIC GAS & ELECTRIC Co  (CIK 0000075488)",0001193125-19-014346:d661551dex991.htm
14.7698145,0001004980-21-000038,8-K,2021-11-01,EX-99.1,EX-99.1,8-K,"0001004980,0000075488","PG&E Corp  (PCG, PCG-PA, PCG-PB, PCG-PC, PCG-PD, PCG-PE, PCG-PG, PCG-PH, PCG-PI)  (CIK 0001004980) | PACIFIC GAS & ELECTRIC Co  (CIK 0000075488)",0001004980-21-000038:pge-110121xpressrelease.htm
14.767754,0001004980-25-000148,10-Q,2025-10-23,10-Q,10-Q,10-Q,"0001004980,0000075488","PG&E Corp  (PCG, PCG-PA, PCG-PB, PCG-PC, PCG-PD, PCG-PE, PCG-PG, PCG-PH, PCG-PI, PCG-PX)  (CIK 0001004980) | PACIFIC GAS & ELECTRIC Co  (CIK 0000075488)",0001004980-25-000148:pcg-20250930.htm
14.7674465,0001004980-22-000069,8-K,2022-04-28,EX-99.2,EX-99.2,8-K,"0001004980,0000075488","PG&E Corp  (PCG, PCG-PA, PCG-PB, PCG-PC, PCG-PD, PCG-PE, PCG-PG, PCG-PH, PCG-PI)  (CIK 0001004980) | PACIFIC GAS & ELECTRIC Co  (CIK 0000075488)",0001004980-22-000069:q122earningspresentation.htm
14.767409,0000827052-23-000083,8-K,2023-11-01,EX-99.3,"EX-99.3 EIX Q3 2023 FINANCIAL RESULTS PRESENTATION DATED NOV 1, 2023",8-K,"0000827052,0000092103","EDISON INTERNATIONAL  (EIX)  (CIK 0000827052) | SOUTHERN CALIFORNIA EDISON Co  (SCE-PG, SCE-PH, SCE-PJ, SCE-PK, SCE-PL, SCE-PM, SCE-PN)  (CIK 0000092103)",0000827052-23-000083:eix-20231101xex99d3.htm
14.767335,0001558370-21-009596,8-K,2021-07-29,EX-99.1,EX-99.1,8-K,"0000827052,0000092103","EDISON INTERNATIONAL  (EIX)  (CIK 0000827052) | SOUTHERN CALIFORNIA EDISON Co  (SCE-PG, SCE-PH, SCE-PJ, SCE-PK, SCE-PL, SCE-PM, SCE-PN)  (CIK 0000092103)",0001558370-21-009596:eix-20210729xex99d1.htm
14.767022,0001004980-20-000025,8-K,2020-05-01,EX-99.1,EX-99.1,8-K,"0001004980,0000075488","PG&E Corp  (PCG, PCG-PA, PCG-PB, PCG-PC, PCG-PD, PCG-PE, PCG-PG, PCG-PH, PCG-PI)  (CIK 0001004980) | PACIFIC GAS & ELECTRIC Co  (CIK 0000075488)",0001004980-20-000025:pge-033120xpressrelease.htm
14.76682,0000354707-24-000007,8-K,2024-02-13,EX-99,EX-99,8-K,"0000354707,0000046207","HAWAIIAN ELECTRIC INDUSTRIES INC  (HE)  (CIK 0000354707) | HAWAIIAN ELECTRIC CO INC  (HAWEL, HAWEM, HAWEN, HAWLI, HAWLL, HAWLM, HAWLN)  (CIK 0000046207)",0000354707-24-000007:heiexhibit99-8xk02x13x24.htm
14.765449,0000827052-22-000052,8-K,2022-07-28,EX-99.3,"EX-99.3 EIX Q2 2022 FINANCIAL RESULTS PRESENTATION DATED JULY 28, 2022",8-K,"0000827052,0000092103","EDISON INTERNATIONAL  (EIX)  (CIK 0000827052) | SOUTHERN CALIFORNIA EDISON Co  (SCE-PG, SCE-PH, SCE-PJ, SCE-PK, SCE-PL, SCE-PM, SCE-PN)  (CIK 0000092103)",0000827052-22-000052:eix-20220728xex99d3.htm
14.764366,0001004980-20-000008,8-K,2020-02-18,EX-99.2,EX-99.2,8-K,"0001004980,0000075488","PG&E Corp  (PCG, PCG-PA, PCG-PB, PCG-PC, PCG-PD, PCG-PE, PCG-PG, PCG-PH, PCG-PI)  (CIK 0001004980) | PACIFIC GAS & ELECTRIC Co  (CIK 0000075488)",0001004980-20-000008:q419earningspresentation.htm
14.763939,0000827052-20-000119,10-Q/A,2020-07-30,10-Q/A,10-Q/A,10-Q,"0000827052,0000092103","EDISON INTERNATIONAL  (EIX)  (CIK 0000827052) | SOUTHERN CALIFORNIA EDISON Co  (SCE-PG, SCE-PH, SCE-PJ, SCE-PK, SCE-PL, SCE-PM, SCE-PN)  (CIK 0000092103)",0000827052-20-000119:eix-20200630.htm
14.76181,0001004980-24-000013,8-K,2024-02-22,EX-99.2,EX-99.2,8-K,"0001004980,0000075488","PG&E Corp  (PCG, PCG-PA, PCG-PB, PCG-PC, PCG-PD, PCG-PE, PCG-PG, PCG-PH, PCG-PI)  (CIK 0001004980) | PACIFIC GAS & ELECTRIC Co  (CIK 0000075488)",0001004980-24-000013:q423earningspresentation.htm
14.759794,0001193125-19-133942,8-K,2019-05-02,EX-99.2,EX-99.2,8-K,"0001004980,0000075488","PG&E Corp  (PCG, PCG-PA, PCG-PB, PCG-PC, PCG-PD, PCG-PE, PCG-PG, PCG-PH, PCG-PI)  (CIK 0001004980) | PACIFIC GAS & ELECTRIC Co  (CIK 0000075488)",0001193125-19-133942:d709478dex992.htm
14.758757,0001558370-22-001929,8-K,2022-02-24,EX-99.3,"EXHIBIT 99.3 EDISON INTERNATIONAL FOURTH QUARTER AND FULL-YEAR 2021 FINANCIAL RESULTS CONFERENCE CALL PRESENTATION DATED FEBRUARY 24, 2022",8-K,"0000827052,0000092103","EDISON INTERNATIONAL  (EIX)  (CIK 0000827052) | SOUTHERN CALIFORNIA EDISON Co  (SCE-PG, SCE-PH, SCE-PJ, SCE-PK, SCE-PL, SCE-PM, SCE-PN)  (CIK 0000092103)",0001558370-22-001929:eix-20220224xex99d3.htm
14.756366,0001004980-19-000045,8-K,2019-11-07,EX-99.2,EX-99.2,8-K,"0001004980,0000075488","PG&E Corp  (PCG, PCG-PA, PCG-PB, PCG-PC, PCG-PD, PCG-PE, PCG-PG, PCG-PH, PCG-PI)  (CIK 0001004980) | PACIFIC GAS & ELECTRIC Co  (CIK 0000075488)",0001004980-19-000045:q319earningspresentation.htm
14.754532,0001193125-23-016927,8-K,2023-01-27,EX-4.2,EX-4.2,8-K,0001941536,"Bridger Aerospace Group Holdings, Inc.  (BAER, BAERW)  (CIK 0001941536)",0001193125-23-016927:d449500dex42.htm
14.752286,0000827052-23-000009,8-K,2023-02-23,EX-99.2,"EXHIBIT 99.2 EIX FOURTH QUARTER AND FULL-YEAR 2022 CONFERENCE CALL PREPARED REMARKS DATED FEBRUARY 23, 2023",8-K,"0000827052,0000092103","EDISON INTERNATIONAL  (EIX)  (CIK 0000827052) | SOUTHERN CALIFORNIA EDISON Co  (SCE-PG, SCE-PH, SCE-PJ, SCE-PK, SCE-PL, SCE-PM, SCE-PN)  (CIK 0000092103)",0000827052-23-000009:eix-20230223xex99d2.htm
14.74957,0000827052-20-000133,8-K,2020-10-27,EX-99.2,"EXHIBIT 99.2 EIX Q3 2020 CONFERENCE CALL PREPARED REMARKS DATED OCTOBER 27, 2020",8-K,"0000827052,0000092103","EDISON INTERNATIONAL  (EIX)  (CIK 0000827052) | SOUTHERN CALIFORNIA EDISON Co  (SCE-PG, SCE-PH, SCE-PJ, SCE-PK, SCE-PL, SCE-PM, SCE-PN)  (CIK 0000092103)",0000827052-20-000133:eix-sceexhibit992q32020.htm
14.747815,0001193125-22-199190,8-K,2022-07-21,8-K,8-K,8-K,"0000075488,0001918072,0001004980","PACIFIC GAS & ELECTRIC Co  (CIK 0000075488) | PG&E Wildfire Recovery Funding LLC  (CIK 0001918072) | PG&E Corp  (PCG, PCG-PA, PCG-PB, PCG-PC, PCG-PD, PCG-PE, PCG-PG, PCG-PH, PCG-PI)  (CIK 0001004980)",0001193125-22-199190:d344215d8k.htm
14.747158,0001004980-20-000058,10-Q,2020-10-29,10-Q,10-Q,10-Q,"0001004980,0000075488","PG&E Corp  (PCG, PCG-PA, PCG-PB, PCG-PC, PCG-PD, PCG-PE, PCG-PG, PCG-PH, PCG-PI)  (CIK 0001004980) | PACIFIC GAS & ELECTRIC Co  (CIK 0000075488)",0001004980-20-000058:pcg-20200930.htm
14.747055,0001193125-22-142349,424B4,2022-05-05,424B4,424B4,424B4,"0000075488,0001918072",PACIFIC GAS & ELECTRIC Co  (CIK 0000075488) | PG&E Wildfire Recovery Funding LLC  (CIK 0001918072),0001193125-22-142349:d292816d424b4.htm
14.746868,0001004980-25-000077,ARS,2025-04-10,ARS,ARS,ARS,"0001004980,0000075488","PG&E Corp  (PCG, PCG-PA, PCG-PB, PCG-PC, PCG-PD, PCG-PE, PCG-PG, PCG-PH, PCG-PI, PCG-PX)  (CIK 0001004980) | PACIFIC GAS & ELECTRIC Co  (CIK 0000075488)",0001004980-25-000077:a2024annualreportmasterfin.pdf
14.746662,0001558370-21-009596,8-K,2021-07-29,EX-99.2,EX-99.2,8-K,"0000827052,0000092103","EDISON INTERNATIONAL  (EIX)  (CIK 0000827052) | SOUTHERN CALIFORNIA EDISON Co  (SCE-PG, SCE-PH, SCE-PJ, SCE-PK, SCE-PL, SCE-PM, SCE-PN)  (CIK 0000092103)",0001558370-21-009596:eix-20210729xex99d2.htm
14.744816,0000827052-19-000135,10-Q,2019-07-25,10-Q,EIX/SCE FORM 10-Q,10-Q,"0000827052,0000092103","EDISON INTERNATIONAL  (EIX)  (CIK 0000827052) | SOUTHERN CALIFORNIA EDISON CO  (SCE-PG, SCE-PH, SCE-PJ, SCE-PK, SCE-PL, SCE-PM, SCE-PN)  (CIK 0000092103)",0000827052-19-000135:eix-sceq210q2019.htm
14.738263,0000950157-19-000727,8-K,2019-06-19,EX-10.2,PLAN SUPPORT AGREEMENT [PARADISE],8-K,"0001004980,0000075488","PG&E Corp  (PCG, PCG-PA, PCG-PB, PCG-PC, PCG-PD, PCG-PE, PCG-PG, PCG-PH, PCG-PI)  (CIK 0001004980) | PACIFIC GAS & ELECTRIC Co  (CIK 0000075488)",0000950157-19-000727:ex10-2.htm
14.737844,0000827052-20-000124,8-K,2020-09-23,8-K,8-K,8-K,"0000827052,0000092103","EDISON INTERNATIONAL  (EIX)  (CIK 0000827052) | SOUTHERN CALIFORNIA EDISON Co  (SCE-PG, SCE-PH, SCE-PJ, SCE-PK, SCE-PL, SCE-PM, SCE-PN)  (CIK 0000092103)",0000827052-20-000124:eix-20200922.htm
14.735748,0001004980-21-000013,10-Q,2021-04-29,10-Q,10-Q,10-Q,"0001004980,0000075488","PG&E Corp  (PCG, PCG-PA, PCG-PB, PCG-PC, PCG-PD, PCG-PE, PCG-PG, PCG-PH, PCG-PI)  (CIK 0001004980) | PACIFIC GAS & ELECTRIC Co  (CIK 0000075488)",0001004980-21-000013:pcg-20210331.htm
14.734256,0000827052-25-000042,8-K,2025-04-29,EX-99.3,"EX-99.3 EIX Q1 2025 FINANCIAL RESULTS PRESENTATION DATED APRIL 29, 2025",8-K,"0000827052,0000092103",EDISON INTERNATIONAL  (EIX)  (CIK 0000827052) | SOUTHERN CALIFORNIA EDISON Co  (CIK 0000092103),0000827052-25-000042:eixq12025earningstelecon.htm
14.733883,0001004980-21-000039,10-Q,2021-11-01,10-Q,10-Q,10-Q,"0001004980,0000075488","PG&E Corp  (PCG, PCG-PA, PCG-PB, PCG-PC, PCG-PD, PCG-PE, PCG-PG, PCG-PH, PCG-PI)  (CIK 0001004980) | PACIFIC GAS & ELECTRIC Co  (CIK 0000075488)",0001004980-21-000039:pcg-20210930.htm
14.732909,0000827052-22-000076,10-Q,2022-11-01,10-Q,10-Q,10-Q,"0000827052,0000092103","EDISON INTERNATIONAL  (EIX)  (CIK 0000827052) | SOUTHERN CALIFORNIA EDISON Co  (SCE-PG, SCE-PH, SCE-PJ, SCE-PK, SCE-PL, SCE-PM, SCE-PN)  (CIK 0000092103)",0000827052-22-000076:eix-20220930x10q.htm
14.732661,0001004980-26-000032,8-K,2026-04-23,EX-99.2,EX-99.2,8-K,"0001004980,0000075488","PG&E Corp  (PCG, PCG-PA, PCG-PB, PCG-PC, PCG-PD, PCG-PE, PCG-PG, PCG-PH, PCG-PI, PCG-PX)  (CIK 0001004980) | PACIFIC GAS & ELECTRIC Co  (CIK 0000075488)",0001004980-26-000032:q126earningspresentation.htm
14.729558,0000827052-20-000110,8-K,2020-07-28,EX-99.1,"EXHIBIT 99.1 EDISON INTERNATIONAL PRESS RELEASE JULY 28, 2020",8-K,"0000827052,0000092103","EDISON INTERNATIONAL  (EIX)  (CIK 0000827052) | SOUTHERN CALIFORNIA EDISON Co  (SCE-PG, SCE-PH, SCE-PJ, SCE-PK, SCE-PL, SCE-PM, SCE-PN)  (CIK 0000092103)",0000827052-20-000110:eix-sceexhibit99x1q220.htm
14.726922,0001004980-25-000085,8-K,2025-04-24,EX-99.1,EX-99.1,8-K,"0001004980,0000075488","PG&E Corp  (PCG, PCG-PA, PCG-PB, PCG-PC, PCG-PD, PCG-PE, PCG-PG, PCG-PH, PCG-PI, PCG-PX)  (CIK 0001004980) | PACIFIC GAS & ELECTRIC Co  (CIK 0000075488)",0001004980-25-000085:pge-q12025pressrelease.htm
14.726767,0000354707-23-000093,8-K,2023-11-09,EX-99,EX-99,8-K,"0000354707,0000046207","HAWAIIAN ELECTRIC INDUSTRIES INC  (HE)  (CIK 0000354707) | HAWAIIAN ELECTRIC CO INC  (HAWEL, HAWEM, HAWEN, HAWLI, HAWLL, HAWLM, HAWLN)  (CIK 0000046207)",0000354707-23-000093:heiexhibit99-8xk11x09x23.htm
14.72634,0001839882-22-012836,8-K,2022-06-09,EX-99.1,"INVESTOR DAY PRESENTATION DATED JUNE 9, 2022",8-K,"0001004980,0000075488","PG&E Corp  (PCG, PCG-PA, PCG-PB, PCG-PC, PCG-PD, PCG-PE, PCG-PG, PCG-PH, PCG-PI)  (CIK 0001004980) | PACIFIC GAS & ELECTRIC Co  (CIK 0000075488)",0001839882-22-012836:ex99-1.htm
14.725529,0001558370-21-014092,8-K,2021-11-02,EX-99.1,"EXHIBIT 99.1 EIX PRESS RELEASE DATED NOVEMBER 2, 2021",8-K,"0000827052,0000092103","EDISON INTERNATIONAL  (EIX)  (CIK 0000827052) | SOUTHERN CALIFORNIA EDISON Co  (SCE-PG, SCE-PH, SCE-PJ, SCE-PK, SCE-PL, SCE-PM, SCE-PN)  (CIK 0000092103)",0001558370-21-014092:eix-20211102xex99d1.htm
14.723315,0000827052-18-000135,8-K,2018-07-26,EX-99.2,EIX Q2 2018 FINANCIAL RESULTS CONFERENCE CALL PREPARED REMARKS DATED 7_26_2018,8-K,"0000827052,0000092103","EDISON INTERNATIONAL  (EIX)  (CIK 0000827052) | SOUTHERN CALIFORNIA EDISON CO  (SCE-PG, SCE-PH, SCE-PJ, SCE-PK, SCE-PL, SCE-PM, SCE-PN)  (CIK 0000092103)",0000827052-18-000135:eix-sceexhibit99x2q22018.htm
14.723242,0000827052-24-000012,8-K,2024-02-22,EX-99.1,"EX-99.1 EDISON INTERNATIONAL PRESS RELEASE DATED FEBRUARY 22, 2024",8-K,"0000827052,0000092103","EDISON INTERNATIONAL  (EIX)  (CIK 0000827052) | SOUTHERN CALIFORNIA EDISON Co  (SCE-PG, SCE-PH, SCE-PJ, SCE-PK, SCE-PL, SCE-PM, SCE-PN)  (CIK 0000092103)",0000827052-24-000012:eix-20240222xex99d1.htm
14.722206,0001193125-22-146523,8-K,2022-05-11,8-K,8-K,8-K,"0001918072,0000075488,0001004980","PG&E Wildfire Recovery Funding LLC  (CIK 0001918072) | PACIFIC GAS & ELECTRIC Co  (CIK 0000075488) | PG&E Corp  (PCG, PCG-PA, PCG-PB, PCG-PC, PCG-PD, PCG-PE, PCG-PG, PCG-PH, PCG-PI)  (CIK 0001004980)",0001193125-22-146523:d290310d8k.htm
14.720255,0001004980-22-000133,10-Q,2022-10-27,10-Q,10-Q,10-Q,"0001004980,0000075488","PG&E Corp  (PCG, PCG-PA, PCG-PB, PCG-PC, PCG-PD, PCG-PE, PCG-PG, PCG-PH, PCG-PI)  (CIK 0001004980) | PACIFIC GAS & ELECTRIC Co  (CIK 0000075488)",0001004980-22-000133:pcg-20220930.htm
14.7200575,0001004980-20-000048,10-Q,2020-07-30,10-Q,10-Q,10-Q,"0001004980,0000075488","PG&E Corp  (PCG, PCG-PA, PCG-PB, PCG-PC, PCG-PD, PCG-PE, PCG-PG, PCG-PH, PCG-PI)  (CIK 0001004980) | PACIFIC GAS & ELECTRIC Co  (CIK 0000075488)",0001004980-20-000048:pcg-20200630.htm
14.719107,0001193125-22-079642,SF-1,2022-03-21,SF-1,SF-1,SF-1,"0000075488,0001918072",PACIFIC GAS & ELECTRIC Co  (CIK 0000075488) | PG&E Wildfire Recovery Funding LLC  (CIK 0001918072),0001193125-22-079642:d292816dsf1.htm
14.717064,0001683168-23-005509,8-K,2023-08-10,EX-99.2,BRIDGER AEROSPACE INVESTOR PRESENTATION AUGUST 2023,8-K,0001941536,"Bridger Aerospace Group Holdings, Inc.  (BAER, BAERW)  (CIK 0001941536)",0001683168-23-005509:bridger_ex9902.htm
14.7163105,0001004980-19-000028,10-Q,2019-08-09,10-Q,10-Q,10-Q,"0001004980,0000075488","PG&E Corp  (PCG, PCG-PA, PCG-PB, PCG-PC, PCG-PD, PCG-PE, PCG-PG, PCG-PH, PCG-PI)  (CIK 0001004980) | PACIFIC GAS & ELECTRIC Co  (CIK 0000075488)",0001004980-19-000028:pge-063019x10q.htm
14.713279,0000827052-26-000044,8-K,2026-04-29,EX-99.1,"EX-99.1 BUSINESS UPDATE PRESENTATION DATE APRIL 28, 2026",8-K,"0000827052,0000092103",EDISON INTERNATIONAL  (EIX)  (CIK 0000827052) | SOUTHERN CALIFORNIA EDISON Co  (CIK 0000092103),0000827052-26-000044:a04eixapril2026businessu.htm
14.712417,0000827052-19-000117,8-K,2019-05-28,EX-99.1,EXHIBIT 99.1 BUSINESS UPDATE SUPPLEMENT (MAY 2019),8-K,"0000827052,0000092103","EDISON INTERNATIONAL  (EIX)  (CIK 0000827052) | SOUTHERN CALIFORNIA EDISON CO  (SCE-PG, SCE-PH, SCE-PJ, SCE-PK, SCE-PL, SCE-PM, SCE-PN)  (CIK 0000092103)",0000827052-19-000117:eixmay2019businessupdate.htm
14.71227,0001140361-18-040342,8-K,2018-10-10,EX-99.1,EXHIBIT 99.1,8-K,"0001004980,0000075488","PG&E Corp  (PCG, PCG-PA, PCG-PB, PCG-PC, PCG-PD, PCG-PE, PCG-PG, PCG-PH, PCG-PI)  (CIK 0001004980) | PACIFIC GAS & ELECTRIC Co  (CIK 0000075488)",0001140361-18-040342:ex99_1.htm
14.709387,0001004980-26-000008,8-K,2026-02-12,EX-99.2,EX-99.2,8-K,"0001004980,0000075488","PG&E Corp  (PCG, PCG-PA, PCG-PB, PCG-PC, PCG-PD, PCG-PE, PCG-PG, PCG-PH, PCG-PI, PCG-PX)  (CIK 0001004980) | PACIFIC GAS & ELECTRIC Co  (CIK 0000075488)",0001004980-26-000008:q425earningspresentation.htm
14.709097,0000827052-22-000031,10-Q,2022-05-03,10-Q,10-Q,10-Q,"0000827052,0000092103","EDISON INTERNATIONAL  (EIX)  (CIK 0000827052) | SOUTHERN CALIFORNIA EDISON Co  (SCE-PG, SCE-PH, SCE-PJ, SCE-PK, SCE-PL, SCE-PM, SCE-PN)  (CIK 0000092103)",0000827052-22-000031:eix-20220331x10q.htm
14.706799,0000950157-19-000727,8-K,2019-06-19,EX-10.1,PLAN SUPPORT AGREEMENT [NORTH BAY],8-K,"0001004980,0000075488","PG&E Corp  (PCG, PCG-PA, PCG-PB, PCG-PC, PCG-PD, PCG-PE, PCG-PG, PCG-PH, PCG-PI)  (CIK 0001004980) | PACIFIC GAS & ELECTRIC Co  (CIK 0000075488)",0000950157-19-000727:ex10-1.htm
14.706225,0001193125-22-142328,8-K,2022-05-05,EX-10.2,EX-10.2,8-K,"0001918072,0000075488",PG&E Wildfire Recovery Funding LLC  (CIK 0001918072) | PACIFIC GAS & ELECTRIC Co  (CIK 0000075488),0001193125-22-142328:d351392dex102.htm
14.706128,0001193125-21-259529,SF-1/A,2021-08-27,SF-1/A,AMENDMENT NO. 2,SF-1,"0000075488,0001866514",PACIFIC GAS & ELECTRIC Co  (CIK 0000075488) | PG&E Recovery Funding LLC  (CIK 0001866514),0001193125-21-259529:d140096dsf1a.htm
14.705243,0001004980-22-000111,8-K,2022-07-28,EX-99.1,EX-99.1,8-K,0001004980,"PG&E Corp  (PCG, PCG-PA, PCG-PB, PCG-PC, PCG-PD, PCG-PE, PCG-PG, PCG-PH, PCG-PI)  (CIK 0001004980)",0001004980-22-000111:pge-072822xpressrelease.htm
14.705121,0000827052-22-000052,8-K,2022-07-28,EX-99.2,"EX-99.2 EIX Q2 2022 CONFERENCE CALL PREPARED REMARKS DATED JULY 28, 2022",8-K,"0000827052,0000092103","EDISON INTERNATIONAL  (EIX)  (CIK 0000827052) | SOUTHERN CALIFORNIA EDISON Co  (SCE-PG, SCE-PH, SCE-PJ, SCE-PK, SCE-PL, SCE-PM, SCE-PN)  (CIK 0000092103)",0000827052-22-000052:eix-20220728xex99d2.htm
14.704582,0000354707-25-000038,8-K,2025-08-07,EX-99,EX-99,8-K,"0000354707,0000046207",HAWAIIAN ELECTRIC INDUSTRIES INC  (HE)  (CIK 0000354707) | HAWAIIAN ELECTRIC CO INC  (CIK 0000046207),0000354707-25-000038:heiexhibit99-8xk08x07x25.htm
14.703815,0001004980-23-000134,8-K,2023-07-27,EX-99.1,EX-99.1,8-K,"0001004980,0000075488","PG&E Corp  (PCG, PCG-PA, PCG-PB, PCG-PC, PCG-PD, PCG-PE, PCG-PG, PCG-PH, PCG-PI)  (CIK 0001004980) | PACIFIC GAS & ELECTRIC Co  (CIK 0000075488)",0001004980-23-000134:pge-072723xpressrelease.htm
14.702677,0001004980-24-000014,10-K,2024-02-22,10-K,10-K,10-K,"0001004980,0000075488","PG&E Corp  (PCG, PCG-PA, PCG-PB, PCG-PC, PCG-PD, PCG-PE, PCG-PG, PCG-PH, PCG-PI)  (CIK 0001004980) | PACIFIC GAS & ELECTRIC Co  (CIK 0000075488)",0001004980-24-000014:pcg-20231231.htm
14.701354,0001004980-20-000047,8-K,2020-07-30,EX-99.1,EX-99.1,8-K,"0001004980,0000075488","PG&E Corp  (PCG, PCG-PA, PCG-PB, PCG-PC, PCG-PD, PCG-PE, PCG-PG, PCG-PH, PCG-PI)  (CIK 0001004980) | PACIFIC GAS & ELECTRIC Co  (CIK 0000075488)",0001004980-20-000047:pge-063020xpressrelease.htm
14.701011,0001193125-21-302134,SF-1/A,2021-10-19,EX-10.2,EX-10.2,SF-1,"0000075488,0001866514",PACIFIC GAS & ELECTRIC Co  (CIK 0000075488) | PG&E Recovery Funding LLC  (CIK 0001866514),0001193125-21-302134:d140096dex102.htm
14.700253,0001004980-24-000104,8-K,2024-07-25,EX-99.1,EX-99.1,8-K,"0001004980,0000075488","PG&E Corp  (PCG, PCG-PA, PCG-PB, PCG-PC, PCG-PD, PCG-PE, PCG-PG, PCG-PH, PCG-PI)  (CIK 0001004980) | PACIFIC GAS & ELECTRIC Co  (CIK 0000075488)",0001004980-24-000104:pge-07252024pressrelease.htm
14.69844,0001193125-22-142328,8-K,2022-05-05,8-K,8-K,8-K,"0001918072,0000075488",PG&E Wildfire Recovery Funding LLC  (CIK 0001918072) | PACIFIC GAS & ELECTRIC Co  (CIK 0000075488),0001193125-22-142328:d351392d8k.htm
14.69755,0000827052-20-000140,8-K,2020-10-28,EX-99.1,"EX-99.1 BUSINESS UPDATE PRESENTATION OCTOBER 28, 2020",8-K,"0000827052,0000092103","EDISON INTERNATIONAL  (EIX)  (CIK 0000827052) | SOUTHERN CALIFORNIA EDISON Co  (SCE-PG, SCE-PH, SCE-PJ, SCE-PK, SCE-PL, SCE-PM, SCE-PN)  (CIK 0000092103)",0000827052-20-000140:eixoctober2020businessup.htm
14.697208,0000827052-22-000006,10-K,2022-02-24,10-K,EIX/SCE 10-K,10-K,"0000827052,0000092103","EDISON INTERNATIONAL  (EIX)  (CIK 0000827052) | SOUTHERN CALIFORNIA EDISON Co  (SCE-PG, SCE-PH, SCE-PJ, SCE-PK, SCE-PL, SCE-PM, SCE-PN)  (CIK 0000092103)",0000827052-22-000006:eix-20211231x10k.htm
14.69676,0001683168-25-008097,8-K,2025-11-10,EX-99.1,INVESTOR PRESENTATION DATED NOVEMBER 2025,8-K,0001941536,"Bridger Aerospace Group Holdings, Inc.  (BAER, BAERW)  (CIK 0001941536)",0001683168-25-008097:bridger_ex9901.htm
14.69601,0000827052-26-000041,8-K,2026-04-28,EX-99.2,"EX-99.2 EIX Q1 2026 CONFERENCE CALL PREPARED REMARKS DATED APRIL 28, 2026",8-K,"0000827052,0000092103",EDISON INTERNATIONAL  (EIX)  (CIK 0000827052) | SOUTHERN CALIFORNIA EDISON Co  (CIK 0000092103),0000827052-26-000041:eix-2026x0428exx992.htm
14.69515,0001193125-21-323167,8-K,2021-11-08,EX-10.2,EX-10.2,8-K,"0000075488,0001866514",PACIFIC GAS & ELECTRIC Co  (CIK 0000075488) | PG&E Recovery Funding LLC  (CIK 0001866514),0001193125-21-323167:d231818dex102.htm
14.69515,0001193125-21-328376,8-K,2021-11-15,EX-10.2,EX-10.2,8-K,"0000075488,0001866514,0001004980","PACIFIC GAS & ELECTRIC Co  (CIK 0000075488) | PG&E Recovery Funding LLC  (CIK 0001866514) | PG&E Corp  (PCG, PCG-PA, PCG-PB, PCG-PC, PCG-PD, PCG-PE, PCG-PG, PCG-PH, PCG-PI)  (CIK 0001004980)",0001193125-21-328376:d260142dex102.htm
14.694894,0000827052-22-000030,8-K,2022-05-03,EX-99.2,"EX-99.2 EIX Q1 2022 CONFERENCE CALL PREPARED REMARKS DATED MAY 3, 2022",8-K,"0000827052,0000092103","EDISON INTERNATIONAL  (EIX)  (CIK 0000827052) | SOUTHERN CALIFORNIA EDISON Co  (SCE-PG, SCE-PH, SCE-PJ, SCE-PK, SCE-PL, SCE-PM, SCE-PN)  (CIK 0000092103)",0000827052-22-000030:eix-20220503xex99d2.htm
14.693117,0000827052-23-000064,8-K,2023-07-27,EX-99.1,"EX-99.1 EDISON INTERNATIONAL PRESS RELEASE DATED JULY 27, 2023",8-K,"0000827052,0000092103","EDISON INTERNATIONAL  (EIX)  (CIK 0000827052) | SOUTHERN CALIFORNIA EDISON Co  (SCE-PG, SCE-PH, SCE-PJ, SCE-PK, SCE-PL, SCE-PM, SCE-PN)  (CIK 0000092103)",0000827052-23-000064:eix-20230727xex99d1.htm
14.685177,0000827052-22-000075,8-K,2022-11-01,EX-99.1,"EX-99.1 EDISON INTERNATIONAL PRESS RELEASE DATED NOVEMBER 1, 2022",8-K,"0000827052,0000092103","EDISON INTERNATIONAL  (EIX)  (CIK 0000827052) | SOUTHERN CALIFORNIA EDISON Co  (SCE-PG, SCE-PH, SCE-PJ, SCE-PK, SCE-PL, SCE-PM, SCE-PN)  (CIK 0000092103)",0000827052-22-000075:eix-20221101xex99d1.htm
14.68397,0001004980-23-000088,8-K,2023-05-04,EX-99.1,EX-99.1,8-K,"0001004980,0000075488","PG&E Corp  (PCG, PCG-PA, PCG-PB, PCG-PC, PCG-PD, PCG-PE, PCG-PG, PCG-PH, PCG-PI)  (CIK 0001004980) | PACIFIC GAS & ELECTRIC Co  (CIK 0000075488)",0001004980-23-000088:pge-050423xpressrelease.htm
14.683792,0001004980-24-000107,10-Q,2024-07-25,10-Q,10-Q,10-Q,"0001004980,0000075488","PG&E Corp  (PCG, PCG-PA, PCG-PB, PCG-PC, PCG-PD, PCG-PE, PCG-PG, PCG-PH, PCG-PI)  (CIK 0001004980) | PACIFIC GAS & ELECTRIC Co  (CIK 0000075488)",0001004980-24-000107:pcg-20240630.htm
14.682665,0000827052-21-000004,8-K,2021-01-25,EX-99.1,"EX-99.1 PRESS RELEASE JANUARY 25, 2020",8-K,"0000827052,0000092103","EDISON INTERNATIONAL  (EIX)  (CIK 0000827052) | SOUTHERN CALIFORNIA EDISON Co  (SCE-PG, SCE-PH, SCE-PJ, SCE-PK, SCE-PL, SCE-PM, SCE-PN)  (CIK 0000092103)",0000827052-21-000004:woolseysubronewsreleasefin.htm
14.682521,0000827052-24-000013,10-K,2024-02-22,10-K,EIX/SCE 10-K,10-K,"0000827052,0000092103","EDISON INTERNATIONAL  (EIX)  (CIK 0000827052) | SOUTHERN CALIFORNIA EDISON Co  (SCE-PG, SCE-PH, SCE-PJ, SCE-PK, SCE-PL, SCE-PM, SCE-PN)  (CIK 0000092103)",0000827052-24-000013:eix-20231231x10k.htm
14.682016,0001558370-22-001929,8-K,2022-02-24,EX-99.1,"EXHIBIT 99.1 EDISON INTERNATIONAL PRESS RELEASE DATED FEBRUARY 24, 2022",8-K,"0000827052,0000092103","EDISON INTERNATIONAL  (EIX)  (CIK 0000827052) | SOUTHERN CALIFORNIA EDISON Co  (SCE-PG, SCE-PH, SCE-PJ, SCE-PK, SCE-PL, SCE-PM, SCE-PN)  (CIK 0000092103)",0001558370-22-001929:eix-20220224xex99d1.htm
14.680578,0001193125-22-194996,8-K,2022-07-15,8-K,8-K,8-K,"0000075488,0001918072",PACIFIC GAS & ELECTRIC Co  (CIK 0000075488) | PG&E Wildfire Recovery Funding LLC  (CIK 0001918072),0001193125-22-194996:d373531d8k.htm
14.680456,0001193125-22-023338,SF-1/A,2022-01-31,EX-10.2,EX-10.2,SF-1,"0000092103,0001826571","SOUTHERN CALIFORNIA EDISON Co  (SCE-PG, SCE-PH, SCE-PJ, SCE-PK, SCE-PL, SCE-PM, SCE-PN)  (CIK 0000092103) | SCE Recovery Funding LLC  (CIK 0001826571)",0001193125-22-023338:d368069dex102.htm
14.680189,0001193125-19-217519,8-K,2019-08-09,EX-99.2,EX-99.2,8-K,"0001004980,0000075488","PG&E Corp  (PCG, PCG-PA, PCG-PB, PCG-PC, PCG-PD, PCG-PE, PCG-PG, PCG-PH, PCG-PI)  (CIK 0001004980) | PACIFIC GAS & ELECTRIC Co  (CIK 0000075488)",0001193125-19-217519:d790969dex992.htm
14.679139,0000827052-20-000133,8-K,2020-10-27,EX-99.1,"EXHIBIT 99.1 EDISON INTERNATIONAL PRESS RELEASE DATED OCTOBER 27, 2020",8-K,"0000827052,0000092103","EDISON INTERNATIONAL  (EIX)  (CIK 0000827052) | SOUTHERN CALIFORNIA EDISON Co  (SCE-PG, SCE-PH, SCE-PJ, SCE-PK, SCE-PL, SCE-PM, SCE-PN)  (CIK 0000092103)",0000827052-20-000133:eix-sceexhibit99x1q320.htm
14.677296,0001004980-20-000008,8-K,2020-02-18,EX-99.1,EX-99.1,8-K,"0001004980,0000075488","PG&E Corp  (PCG, PCG-PA, PCG-PB, PCG-PC, PCG-PD, PCG-PE, PCG-PG, PCG-PH, PCG-PI)  (CIK 0001004980) | PACIFIC GAS & ELECTRIC Co  (CIK 0000075488)",0001004980-20-000008:pge-123119xpressrelease.htm
14.676738,0001193125-22-194996,8-K,2022-07-15,EX-10.2,EX-10.2,8-K,"0000075488,0001918072",PACIFIC GAS & ELECTRIC Co  (CIK 0000075488) | PG&E Wildfire Recovery Funding LLC  (CIK 0001918072),0001193125-22-194996:d373531dex102.htm
14.674705,0001193125-25-293707,8-K,2025-11-24,EX-10.2,EX-10.2,8-K,"0000092103,0001826571","SOUTHERN CALIFORNIA EDISON Co  (SCE-PG, SCE-PJ, SCE-PK, SCE-PL, SCE-PM, SCE-PN)  (CIK 0000092103) | SCE Recovery Funding LLC  (CIK 0001826571)",0001193125-25-293707:d49496dex102.htm
14.670313,0001193125-22-146523,8-K,2022-05-11,EX-10.2,EX-10.2,8-K,"0001918072,0000075488,0001004980","PG&E Wildfire Recovery Funding LLC  (CIK 0001918072) | PACIFIC GAS & ELECTRIC Co  (CIK 0000075488) | PG&E Corp  (PCG, PCG-PA, PCG-PB, PCG-PC, PCG-PD, PCG-PE, PCG-PG, PCG-PH, PCG-PI)  (CIK 0001004980)",0001193125-22-146523:d290310dex102.htm
14.664275,0001193125-23-014386,8-K,2023-01-25,8-K,8-K,8-K,0001822312,Jack Creek Investment Corp.  (CIK 0001822312),0001193125-23-014386:d423991d8k.htm
14.663575,0000950157-21-000825,8-K,2021-08-09,EX-99.1,INVESTOR DAY PRESENTATION,8-K,"0001004980,0000075488","PG&E Corp  (PCG, PCG-PA, PCG-PB, PCG-PC, PCG-PD, PCG-PE, PCG-PG, PCG-PH, PCG-PI)  (CIK 0001004980) | PACIFIC GAS & ELECTRIC Co  (CIK 0000075488)",0000950157-21-000825:ex99-1.htm
14.663259,0000827052-25-000100,10-Q,2025-10-28,10-Q,10-Q,10-Q,"0000827052,0000092103",EDISON INTERNATIONAL  (EIX)  (CIK 0000827052) | SOUTHERN CALIFORNIA EDISON Co  (CIK 0000092103),0000827052-25-000100:eix-20250930.htm
14.662834,0000827052-20-000026,10-K,2020-02-27,10-K,FORM 10-K (2019),10-K,"0000827052,0000092103","EDISON INTERNATIONAL  (EIX)  (CIK 0000827052) | SOUTHERN CALIFORNIA EDISON Co  (SCE-PG, SCE-PH, SCE-PJ, SCE-PK, SCE-PL, SCE-PM, SCE-PN)  (CIK 0000092103)",0000827052-20-000026:eix-sceq4201910k.htm
14.662782,0000950157-20-000092,8-K,2020-01-23,EX-99.1,NEWS RELEASE,8-K,"0001004980,0000075488","PG&E Corp  (PCG, PCG-PA, PCG-PB, PCG-PC, PCG-PD, PCG-PE, PCG-PG, PCG-PH, PCG-PI)  (CIK 0001004980) | PACIFIC GAS & ELECTRIC Co  (CIK 0000075488)",0000950157-20-000092:ex99-1.htm
14.662222,0001193125-22-188191,SF-1/A,2022-07-06,SF-1/A,SF-1/A,SF-1,"0000075488,0001918072",PACIFIC GAS & ELECTRIC Co  (CIK 0000075488) | PG&E Wildfire Recovery Funding LLC  (CIK 0001918072),0001193125-22-188191:d555414dsf1a.htm
14.660907,0001193125-22-169153,SF-1,2022-06-07,SF-1,SF-1,SF-1,"0000075488,0001918072",PACIFIC GAS & ELECTRIC Co  (CIK 0000075488) | PG&E Wildfire Recovery Funding LLC  (CIK 0001918072),0001193125-22-169153:d555414dsf1.htm
14.658162,0001193125-23-016927,8-K,2023-01-27,8-K,8-K,8-K,0001941536,"Bridger Aerospace Group Holdings, Inc.  (BAER, BAERW)  (CIK 0001941536)",0001193125-23-016927:d449500d8k.htm
14.656934,0000950157-20-000700,8-K,2020-06-03,EX-99.1,NEWS RELEASE,8-K,"0001004980,0000075488","PG&E Corp  (PCG, PCG-PA, PCG-PB, PCG-PC, PCG-PD, PCG-PE, PCG-PG, PCG-PH, PCG-PI)  (CIK 0001004980) | PACIFIC GAS & ELECTRIC Co  (CIK 0000075488)",0000950157-20-000700:ex99-1.htm
14.655503,0000827052-20-000133,8-K,2020-10-27,EX-99.3,"EXHIBIT 99.3 EIX Q3 2020 CONFERENCE CALL PRESENTATION DATED OCTOBER 27, 2020",8-K,"0000827052,0000092103","EDISON INTERNATIONAL  (EIX)  (CIK 0000827052) | SOUTHERN CALIFORNIA EDISON Co  (SCE-PG, SCE-PH, SCE-PJ, SCE-PK, SCE-PL, SCE-PM, SCE-PN)  (CIK 0000092103)",0000827052-20-000133:eixq32020earningstelecon.htm
14.652986,0000950157-20-000567,8-K/A,2020-05-04,EX-99.1,PRESS RELEASE,8-K,"0001004980,0000075488","PG&E Corp  (PCG, PCG-PA, PCG-PB, PCG-PC, PCG-PD, PCG-PE, PCG-PG, PCG-PH, PCG-PI)  (CIK 0001004980) | PACIFIC GAS & ELECTRIC Co  (CIK 0000075488)",0000950157-20-000567:ex99-1.htm
14.651683,0001004980-19-000008,10-Q,2019-05-02,10-Q,10-Q,10-Q,"0001004980,0000075488","PG&E Corp  (PCG, PCG-PA, PCG-PB, PCG-PC, PCG-PD, PCG-PE, PCG-PG, PCG-PH, PCG-PI)  (CIK 0001004980) | PACIFIC GAS & ELECTRIC Co  (CIK 0000075488)",0001004980-19-000008:pge-033119x10q.htm
14.650657,0001193125-22-195051,424B4,2022-07-15,424B4,424B4,424B4,"0000075488,0001918072",PACIFIC GAS & ELECTRIC Co  (CIK 0000075488) | PG&E Wildfire Recovery Funding LLC  (CIK 0001918072),0001193125-22-195051:d555414d424b4.htm
14.649336,0000827052-25-000086,8-K,2025-09-19,EX-99.1,EX-99.1,8-K,"0000827052,0000092103",EDISON INTERNATIONAL  (EIX)  (CIK 0000827052) | SOUTHERN CALIFORNIA EDISON Co  (CIK 0000092103),0000827052-25-000086:eix-20250919xex99d1.htm
14.648376,0000950157-19-000727,8-K,2019-06-19,EX-10.6,PLAN SUPPORT AGREEMENT [CCWD],8-K,"0001004980,0000075488","PG&E Corp  (PCG, PCG-PA, PCG-PB, PCG-PC, PCG-PD, PCG-PE, PCG-PG, PCG-PH, PCG-PI)  (CIK 0001004980) | PACIFIC GAS & ELECTRIC Co  (CIK 0000075488)",0000950157-19-000727:ex10-6.htm
14.647315,0001193125-25-271431,8-K,2025-11-07,EX-99.1,EX-99.1,8-K,"0001085392,0000081100",PUGET ENERGY INC /WA  (CIK 0001085392) | PUGET SOUND ENERGY INC  (CIK 0000081100),0001193125-25-271431:d64729dex991.htm
14.644073,0000086521-09-000031,8-K,2009-06-26,8-K,FORM 8-K,8-K,0001032208,"SEMPRA ENERGY  (SRE, SREA)  (CIK 0001032208)",0000086521-09-000031:se8k062609.htm
14.643773,0001558370-21-012568,8-K,2021-09-16,EX-99.1,EX-99.1,8-K,"0000827052,0000092103","EDISON INTERNATIONAL  (EIX)  (CIK 0000827052) | SOUTHERN CALIFORNIA EDISON Co  (SCE-PG, SCE-PH, SCE-PJ, SCE-PK, SCE-PL, SCE-PM, SCE-PN)  (CIK 0000092103)",0001558370-21-012568:eix-20210916xex99d1.htm
14.642883,0000827052-20-000090,8-K,2020-04-30,EX-99.1,"EXHIBIT 99.1 EDISON INTERNATIONAL PRESS RELEASE DATED APRIL 30, 2020",8-K,"0000827052,0000092103","EDISON INTERNATIONAL  (EIX)  (CIK 0000827052) | SOUTHERN CALIFORNIA EDISON Co  (SCE-PG, SCE-PH, SCE-PJ, SCE-PK, SCE-PL, SCE-PM, SCE-PN)  (CIK 0000092103)",0000827052-20-000090:eix-sceexhibit99x1q120.htm
14.642108,0001193125-24-186227,8-K,2024-07-26,EX-10.2,EX-10.2,8-K,"0000075488,0001866514",PACIFIC GAS & ELECTRIC Co  (CIK 0000075488) | PG&E Recovery Funding LLC  (CIK 0001866514),0001193125-24-186227:d807474dex102.htm
14.640663,0000827052-19-000033,8-K,2019-02-28,EX-99.3,"EIX 2018 FINANCIAL RESULTS CONFERENCE CALL PRESENTATION DATED FEBRUARY 28, 2019",8-K,"0000827052,0000092103","EDISON INTERNATIONAL  (EIX)  (CIK 0000827052) | SOUTHERN CALIFORNIA EDISON CO  (SCE-PG, SCE-PH, SCE-PJ, SCE-PK, SCE-PL, SCE-PM, SCE-PN)  (CIK 0000092103)",0000827052-19-000033:a993eixq42018financialre.htm
14.640188,0001308179-23-000881,8-K,2023-05-31,EX-99.1,EX-99.1,8-K,"0001004980,0000075488","PG&E Corp  (PCG, PCG-PA, PCG-PB, PCG-PC, PCG-PD, PCG-PE, PCG-PG, PCG-PH, PCG-PI)  (CIK 0001004980) | PACIFIC GAS & ELECTRIC Co  (CIK 0000075488)",0001308179-23-000881:lpcg804_ex99-1.htm
14.639029,0001193125-20-139252,8-K,2020-05-11,EX-99.1,EX-99.1,8-K,0001653653,"Red Rock Resorts, Inc.  (RRR)  (CIK 0001653653)",0001193125-20-139252:d892739dex991.htm
14.633409,0000827052-19-000107,8-K,2019-04-30,EX-99.3,EIX Q1 2019 CONFERENCE CALL PRESENTATION DATED 4/30/2019,8-K,"0000827052,0000092103","EDISON INTERNATIONAL  (EIX)  (CIK 0000827052) | SOUTHERN CALIFORNIA EDISON CO  (SCE-PG, SCE-PH, SCE-PJ, SCE-PK, SCE-PL, SCE-PM, SCE-PN)  (CIK 0000092103)",0000827052-19-000107:eixq12019teleconferenced.htm
14.630496,0001193125-21-323174,424B1,2021-11-08,424B1,424B1,424B1,"0000075488,0001866514",PACIFIC GAS & ELECTRIC Co  (CIK 0000075488) | PG&E Recovery Funding LLC  (CIK 0001866514),0001193125-21-323174:d140096d424b1.htm
14.62904,0000827052-19-000108,10-Q,2019-04-30,10-Q,EIX/SCE FORM 10-Q,10-Q,"0000827052,0000092103","EDISON INTERNATIONAL  (EIX)  (CIK 0000827052) | SOUTHERN CALIFORNIA EDISON CO  (SCE-PG, SCE-PH, SCE-PJ, SCE-PK, SCE-PL, SCE-PM, SCE-PN)  (CIK 0000092103)",0000827052-19-000108:eix-sceq110q2019.htm
14.624576,0000827052-21-000018,8-K,2021-02-25,EX-99.3,"EXHIBIT 99.3 EIX 2020 FINANCIAL RESULTS PRESENTATION DATED FEBRUARY 25, 2021",8-K,"0000827052,0000092103","EDISON INTERNATIONAL  (EIX)  (CIK 0000827052) | SOUTHERN CALIFORNIA EDISON Co  (SCE-PG, SCE-PH, SCE-PJ, SCE-PK, SCE-PL, SCE-PM, SCE-PN)  (CIK 0000092103)",0000827052-21-000018:eixq42020earningstelecon.htm
14.62426,0001004980-20-000026,10-Q,2020-05-01,10-Q,10-Q,10-Q,"0001004980,0000075488","PG&E Corp  (PCG, PCG-PA, PCG-PB, PCG-PC, PCG-PD, PCG-PE, PCG-PG, PCG-PH, PCG-PI)  (CIK 0001004980) | PACIFIC GAS & ELECTRIC Co  (CIK 0000075488)",0001004980-20-000026:pcg-20200331.htm
14.622692,0001193125-21-054625,8-K,2021-02-24,EX-10.2,EX-10.2,8-K,"0000092103,0001826571","SOUTHERN CALIFORNIA EDISON Co  (SCE-PG, SCE-PH, SCE-PJ, SCE-PK, SCE-PL, SCE-PM, SCE-PN)  (CIK 0000092103) | SCE Recovery Funding LLC  (CIK 0001826571)",0001193125-21-054625:d144257dex102.htm
14.622171,0001193125-23-095335,SF-1/A,2023-04-07,SF-1/A,SF-1/A,SF-1,"0000092103,0001826571","SOUTHERN CALIFORNIA EDISON Co  (SCE-PG, SCE-PH, SCE-PJ, SCE-PK, SCE-PL, SCE-PM, SCE-PN)  (CIK 0000092103) | SCE Recovery Funding LLC  (CIK 0001826571)",0001193125-23-095335:d481353dsf1a.htm
14.621954,0001193125-22-195596,8-K,2022-07-18,EX-99.1,EX-99.1,8-K,0001653653,"Red Rock Resorts, Inc.  (RRR)  (CIK 0001653653)",0001193125-22-195596:d322695dex991.htm
14.619944,0001004980-21-000007,10-K,2021-02-25,10-K,10-K,10-K,"0001004980,0000075488","PG&E Corp  (PCG, PCG-PA, PCG-PB, PCG-PC, PCG-PD, PCG-PE, PCG-PG, PCG-PH, PCG-PI)  (CIK 0001004980) | PACIFIC GAS & ELECTRIC Co  (CIK 0000075488)",0001004980-21-000007:pcg-20201231.htm
14.618367,0000827052-21-000018,8-K,2021-02-25,EX-99.2,"EXHIBIT 99.2 EIX 2020 CONFERENCE CALL PREPARED REMARKS DATED FEBRUARY 25, 2021",8-K,"0000827052,0000092103","EDISON INTERNATIONAL  (EIX)  (CIK 0000827052) | SOUTHERN CALIFORNIA EDISON Co  (SCE-PG, SCE-PH, SCE-PJ, SCE-PK, SCE-PL, SCE-PM, SCE-PN)  (CIK 0000092103)",0000827052-21-000018:eix-sceexhibit992q42020.htm
14.614285,0000827052-19-000143,8-K,2019-08-30,8-K,8-K GRC,8-K,"0000827052,0000092103","EDISON INTERNATIONAL  (EIX)  (CIK 0000827052) | SOUTHERN CALIFORNIA EDISON Co  (SCE-PG, SCE-PH, SCE-PJ, SCE-PK, SCE-PL, SCE-PM, SCE-PN)  (CIK 0000092103)",0000827052-19-000143:form8-k2021generalrate.htm
14.613509,0000827052-19-000134,8-K,2019-07-25,EX-99.1,EIX PRESS RELEASE DATED 7/25/19,8-K,"0000827052,0000092103","EDISON INTERNATIONAL  (EIX)  (CIK 0000827052) | SOUTHERN CALIFORNIA EDISON CO  (SCE-PG, SCE-PH, SCE-PJ, SCE-PK, SCE-PL, SCE-PM, SCE-PN)  (CIK 0000092103)",0000827052-19-000134:eix-sceexhibit99x1q22019.htm
